BFS_NR,GEBIET_NAME,JAHR,Bevölkerung: Anteil 20-39-Jährige [%] ,Bevölkerung: Anteil 40-64-Jährige [%] ,Motorräder [Anz.] ,Motorräder pro 1000 Einwohner [Anz.] ,Bestand Elektromotor [%] ,Bevölkerung [Pers.] ,Ø steuerbares Einkommen natürliche Pers. [Fr.] ,Ø steuerbares Vermögen natürliche Pers. [Fr.] ,Erschliessung durch S-Bahn+Bus [% der Einw.] ,"MIV-Wege Quell-, Ziel- und Binnenverkehr [Anz.] ",MIV-Anteil (Modal Split) [%] ,Motorrad-Neuzulassungen [Anz.] ,Motorrad-Neuzulasssungen pro 1000 Einw. [Anz.] ,Neuzulassungen  Elektromotor [%] ,Weg zur nächsten Haltestelle [m] 
1,Aeugst a.A.,2019,18.5,43.8,237,119.8,1.3,1981,93918,814000000,0.0,5232.0,83.0,12,6.1,9.3,214.0
1,Aeugst a.A.,2020,18.7,43.8,263,132.8,2.4,2011,88390,767000000,0.0,5232.0,83.0,16,8.1,20.7,215.0
1,Aeugst a.A.,2021,18.6,43.3,258,128.3,3.4,1986,86312,782000000,0.0,5232.0,83.0,14,7.0,12.1,213.0
1,Aeugst a.A.,2022,18.4,42.4,265,133.4,5.2,1991,86111,859000000,0.0,5232.0,83.0,12,6.0,36.7,213.0
1,Aeugst a.A.,2023,18.2,42.4,252,126.6,7.5,1995,86111,859000000,0.0,5232.0,83.0,4,2.0,37.5,213.0
2,Affoltern a.A.,2019,28.2,33.5,761,62.4,0.9,12309,58556,261000000,35.3,50424.0,81.0,43,3.5,4.7,262.0
2,Affoltern a.A.,2020,27.9,33.5,841,68.3,1.2,12246,60816,268000000,35.3,50424.0,81.0,47,3.8,7.4,265.0
2,Affoltern a.A.,2021,27.8,33.5,872,71.2,1.6,12358,60345,300000000,35.3,50424.0,81.0,51,4.2,9.5,264.0
2,Affoltern a.A.,2022,27.8,33.1,861,69.7,2.7,12524,60095,314000000,35.3,50424.0,81.0,36,2.9,27.6,263.0
2,Affoltern a.A.,2023,27.2,33.2,849,67.8,3.7,12812,60095,314000000,35.3,50424.0,81.0,32,2.6,26.1,263.0
3,Bonstetten,2019,22.9,36.9,478,86.3,1.0,5576,74336,370000000,35.6,11292.0,75.0,25,4.5,6.0,199.0
3,Bonstetten,2020,22.5,36.8,506,90.7,1.3,5610,76263,368000000,35.6,11292.0,75.0,35,6.3,6.1,204.0
3,Bonstetten,2021,22.5,37.0,527,93.9,2.6,5632,73247,359000000,35.6,11292.0,75.0,43,7.7,21.0,202.0
3,Bonstetten,2022,21.9,37.3,542,96.2,3.6,5619,73784,365000000,35.6,11292.0,75.0,23,4.1,30.4,202.0
3,Bonstetten,2023,21.5,37.4,524,93.3,4.9,5657,73784,365000000,35.6,11292.0,75.0,27,4.8,23.5,202.0
4,Hausen a.A.,2019,19.2,40.6,365,98.8,1.2,3749,69795,385000000,0.0,7439.0,89.0,18,4.9,2.0,238.0
4,Hausen a.A.,2020,19.0,40.8,373,99.5,1.6,3797,71160,409000000,0.0,7439.0,89.0,20,5.3,11.1,241.0
4,Hausen a.A.,2021,18.5,40.4,396,104.3,2.1,3850,79017,455000000,0.0,7439.0,89.0,25,6.6,12.1,239.0
4,Hausen a.A.,2022,18.7,40.3,399,103.6,3.7,3872,72055,479000000,0.0,7439.0,89.0,24,6.2,27.5,238.0
4,Hausen a.A.,2023,18.5,39.7,405,104.6,5.0,3962,72055,479000000,0.0,7439.0,89.0,19,4.9,27.8,238.0
5,Hedingen,2019,22.5,39.2,317,85.0,1.6,3775,74838,435000000,75.2,9127.0,73.0,20,5.4,7.4,261.0
5,Hedingen,2020,22.1,39.4,298,78.9,2.2,3793,75867,417000000,75.2,9127.0,73.0,16,4.2,10.3,262.0
5,Hedingen,2021,21.3,39.8,308,81.2,2.9,3777,83225,487000000,75.2,9127.0,73.0,35,9.2,16.7,262.0
5,Hedingen,2022,22.5,39.0,318,84.2,3.9,3864,78570,496000000,75.2,9127.0,73.0,24,6.4,26.4,259.0
5,Hedingen,2023,22.7,38.4,343,88.8,4.9,3941,78570,496000000,75.2,9127.0,73.0,23,6.0,27.4,259.0
6,Kappel a.A.,2019,20.8,40.5,121,104.5,0.6,1221,69951,386000000,0.0,2982.0,97.0,8,6.9,5.6,206.0
6,Kappel a.A.,2020,19.5,41.3,127,104.0,0.7,1244,71406,389000000,0.0,2982.0,97.0,6,4.9,4.2,208.0
6,Kappel a.A.,2021,20.5,40.5,125,100.5,1.5,1287,73516,444000000,0.0,2982.0,97.0,5,4.0,11.1,206.0
6,Kappel a.A.,2022,20.0,40.5,122,94.8,3.3,1321,72970,453000000,0.0,2982.0,97.0,9,7.0,25.0,208.0
6,Kappel a.A.,2023,19.2,40.7,133,100.7,4.7,1322,72970,453000000,0.0,2982.0,97.0,6,4.5,32.1,208.0
7,Knonau,2019,23.3,37.5,177,74.7,1.1,2373,65768,307000000,0.0,5706.0,86.0,7,3.0,5.8,482.0
7,Knonau,2020,22.3,38.3,189,79.6,1.2,2368,69312,321000000,0.0,5706.0,86.0,10,4.2,5.6,487.0
7,Knonau,2021,22.7,38.0,195,82.3,2.8,2446,77835,352000000,0.0,5706.0,86.0,12,5.1,17.9,488.0
7,Knonau,2022,22.4,37.3,212,86.7,4.2,2411,72943,378000000,0.0,5706.0,86.0,13,5.3,17.0,490.0
7,Knonau,2023,21.1,37.7,201,83.4,6.3,2440,72943,378000000,0.0,5706.0,86.0,10,4.1,39.4,490.0
8,Maschwanden,2019,20.3,39.4,71,109.6,1.1,640,55005,303000000,0.0,2006.0,97.0,3,4.6,20.0,182.0
8,Maschwanden,2020,18.6,41.0,66,103.1,1.3,636,58789,371000000,0.0,2006.0,97.0,1,1.6,0.0,186.0
8,Maschwanden,2021,17.9,40.4,64,100.6,2.6,641,60097,413000000,0.0,2006.0,97.0,2,3.1,26.3,185.0
8,Maschwanden,2022,18.9,40.8,64,99.8,3.7,644,58041,425000000,0.0,2006.0,97.0,5,7.8,33.3,188.0
8,Maschwanden,2023,17.9,42.2,62,96.3,4.7,642,58041,425000000,0.0,2006.0,97.0,3,4.7,33.3,188.0
9,Mettmenstetten,2019,23.5,35.8,420,82.4,1.3,5199,73511,509000000,53.4,16742.0,89.0,27,5.3,5.8,274.0
9,Mettmenstetten,2020,23.5,35.6,447,86.0,1.6,5378,73101,487000000,53.4,16742.0,89.0,27,5.2,8.2,276.0
9,Mettmenstetten,2021,23.6,34.9,483,89.8,2.2,5566,73206,508000000,53.4,16742.0,89.0,30,5.6,15.1,278.0
9,Mettmenstetten,2022,22.6,35.4,472,84.8,3.4,5625,73738,525000000,53.4,16742.0,89.0,19,3.4,23.8,277.0
9,Mettmenstetten,2023,22.4,35.4,471,83.7,4.9,5683,73738,525000000,53.4,16742.0,89.0,18,3.2,28.2,277.0
10,Obfelden,2019,25.6,34.1,436,78.1,1.1,5725,64913,334000000,0.0,18486.0,91.0,42,7.5,6.7,210.0
10,Obfelden,2020,24.9,34.4,482,84.2,1.4,5778,65745,332000000,0.0,18486.0,91.0,36,6.3,8.5,212.0
10,Obfelden,2021,24.3,34.3,482,83.4,2.3,5755,64538,352000000,0.0,18486.0,91.0,49,8.5,16.7,212.0
10,Obfelden,2022,24.6,34.5,493,85.7,3.7,5779,65390,355000000,0.0,18486.0,91.0,43,7.5,29.0,211.0
10,Obfelden,2023,24.4,34.7,513,88.8,4.7,5842,65390,355000000,0.0,18486.0,91.0,41,7.1,29.7,211.0
11,Ottenbach,2019,19.4,39.1,302,118.3,0.8,2593,74631,445000000,0.0,7695.0,89.0,15,5.9,6.5,204.0
11,Ottenbach,2020,20.1,38.2,324,125.0,1.5,2706,72736,420000000,0.0,7695.0,89.0,18,6.9,10.5,200.0
11,Ottenbach,2021,20.1,37.9,321,118.6,2.6,2743,72928,436000000,0.0,7695.0,89.0,25,9.2,16.9,200.0
11,Ottenbach,2022,20.5,36.9,334,121.8,3.5,2847,73323,438000000,0.0,7695.0,89.0,17,6.2,22.5,197.0
11,Ottenbach,2023,21.7,35.7,334,117.3,4.6,2950,73323,438000000,0.0,7695.0,89.0,10,3.5,28.4,197.0
12,Rifferswil,2019,16.5,39.9,88,78.4,1.9,1129,70374,402000000,0.0,2528.0,90.0,5,4.5,12.5,206.0
12,Rifferswil,2020,17.0,39.6,91,80.6,2.6,1149,72749,448000000,0.0,2528.0,90.0,5,4.4,22.7,208.0
12,Rifferswil,2021,16.6,39.6,100,87.0,4.0,1151,75090,483000000,0.0,2528.0,90.0,10,8.7,24.0,207.0
12,Rifferswil,2022,15.5,40.1,104,90.4,5.7,1150,75248,499000000,0.0,2528.0,90.0,8,7.0,44.4,210.0
12,Rifferswil,2023,14.1,40.8,111,96.5,6.8,1145,75248,499000000,0.0,2528.0,90.0,6,5.2,47.6,210.0
13,Stallikon,2019,22.0,40.4,400,108.8,0.9,3753,85295,500000000,3.1,8598.0,71.0,22,6.0,4.5,218.0
13,Stallikon,2020,21.6,40.1,423,112.7,1.7,3785,87899,498000000,3.1,8598.0,71.0,36,9.6,11.0,221.0
13,Stallikon,2021,20.6,39.5,434,114.7,2.2,3827,85802,519000000,3.1,8598.0,71.0,31,8.2,11.9,222.0
13,Stallikon,2022,19.8,39.9,436,113.9,4.0,3855,84284,538000000,3.1,8598.0,71.0,28,7.3,34.9,221.0
13,Stallikon,2023,19.7,39.7,459,119.1,5.6,3861,84284,538000000,3.1,8598.0,71.0,32,8.3,33.0,221.0
14,Wettswil a.A.,2019,20.0,36.4,404,78.1,1.6,5235,104214,792000000,14.4,9854.0,82.0,26,5.0,6.2,150.0
14,Wettswil a.A.,2020,20.0,36.5,437,83.5,2.4,5278,102499,759000000,14.4,9854.0,82.0,40,7.6,12.1,151.0
14,Wettswil a.A.,2021,19.4,37.4,455,86.2,3.6,5286,97781,787000000,14.4,9854.0,82.0,35,6.6,18.7,152.0
14,Wettswil a.A.,2022,18.9,37.7,465,88.0,5.0,5281,98510,726000000,14.4,9854.0,82.0,28,5.3,25.0,151.0
14,Wettswil a.A.,2023,18.3,37.6,476,90.1,7.3,5306,98510,726000000,14.4,9854.0,82.0,29,5.5,35.0,151.0
21,Adlikon (bis 2022),2019,21.6,38.3,76,107.5,0.9,694,62618,514000000,0.0,2556.0,98.0,1,1.4,0.0,486.0
21,Adlikon (bis 2022),2020,19.6,38.6,71,102.3,1.3,689,63882,522000000,0.0,2556.0,98.0,1,1.4,0.0,511.0
21,Adlikon (bis 2022),2021,19.4,37.8,72,104.5,2.4,716,66192,520000000,0.0,2556.0,98.0,3,4.4,55.6,492.0
21,Adlikon (bis 2022),2022,19.1,37.5,74,103.4,3.1,707,64790,541000000,0.0,2556.0,98.0,3,4.2,18.8,488.0
22,Benken,2019,22.8,40.6,106,124.0,1.4,847,64675,375000000,0.0,3443.0,94.0,6,7.0,12.0,288.0
22,Benken,2020,22.9,40.2,111,131.1,1.4,851,67270,378000000,0.0,3443.0,94.0,8,9.4,0.0,288.0
22,Benken,2021,22.6,39.8,116,136.3,1.7,846,65331,380000000,0.0,3443.0,94.0,6,7.1,26.7,287.0
22,Benken,2022,22.7,38.7,106,125.3,2.0,847,70346,683000000,0.0,3443.0,94.0,3,3.5,33.3,287.0
22,Benken,2023,22.0,38.4,94,111.0,3.8,849,70346,683000000,0.0,3443.0,94.0,7,8.3,38.9,287.0
23,Berg a.I.,2019,20.4,41.3,80,140.6,0.2,578,97468,1519000000,0.0,1881.0,92.0,3,5.3,0.0,200.0
23,Berg a.I.,2020,20.8,40.8,89,154.0,0.7,595,93987,1738000000,0.0,1881.0,92.0,2,3.5,11.1,201.0
23,Berg a.I.,2021,20.5,41.6,91,152.9,1.2,591,93141,1771000000,0.0,1881.0,92.0,4,6.7,8.3,198.0
23,Berg a.I.,2022,19.6,40.9,95,160.7,1.5,592,97830,1898000000,0.0,1881.0,92.0,4,6.8,20.0,203.0
23,Berg a.I.,2023,18.6,39.1,90,152.0,2.3,601,97830,1898000000,0.0,1881.0,92.0,3,5.1,22.2,203.0
24,Buch a.I.,2019,24.3,35.8,123,125.9,1.2,979,70226,412000000,0.0,2710.0,93.0,6,6.1,5.9,146.0
24,Buch a.I.,2020,24.9,34.8,138,141.0,1.7,1022,70701,426000000,0.0,2710.0,93.0,9,9.2,11.4,145.0
24,Buch a.I.,2021,23.2,35.2,137,134.1,3.5,1026,68692,447000000,0.0,2710.0,93.0,7,6.8,25.0,145.0
24,Buch a.I.,2022,21.5,36.4,135,131.6,6.0,1038,67982,464000000,0.0,2710.0,93.0,8,7.8,43.8,143.0
24,Buch a.I.,2023,21.9,37.3,133,128.1,5.8,1032,67982,464000000,0.0,2710.0,93.0,9,8.7,15.6,143.0
25,Dachsen,2019,19.5,38.5,214,111.7,1.6,1916,69416,418000000,75.0,4043.0,75.0,6,3.1,7.0,305.0
25,Dachsen,2020,19.5,38.7,226,118.0,1.9,1912,68288,427000000,75.0,4043.0,75.0,4,2.1,7.5,303.0
25,Dachsen,2021,19.7,38.6,220,115.1,2.8,1948,70269,426000000,75.0,4043.0,75.0,8,4.2,25.6,303.0
25,Dachsen,2022,19.8,39.0,228,117.0,4.3,1951,67553,429000000,75.0,4043.0,75.0,11,5.6,35.1,307.0
25,Dachsen,2023,19.9,38.8,225,115.3,6.1,1974,67553,429000000,75.0,4043.0,75.0,8,4.1,30.2,307.0
26,Dorf,2019,21.4,40.3,96,145.9,0.7,658,66374,403000000,0.0,2157.0,90.0,4,6.1,7.1,223.0
26,Dorf,2020,22.0,40.8,96,145.9,1.2,665,65877,397000000,0.0,2157.0,90.0,5,7.6,15.4,220.0
26,Dorf,2021,23.7,38.8,100,150.4,1.5,695,67211,429000000,0.0,2157.0,90.0,5,7.5,5.0,219.0
26,Dorf,2022,23.7,38.9,113,162.6,3.4,712,67550,403000000,0.0,2157.0,90.0,4,5.8,21.4,219.0
26,Dorf,2023,24.0,38.7,110,154.5,4.5,721,67550,403000000,0.0,2157.0,90.0,8,11.2,25.0,219.0
27,Feuerthalen,2019,25.5,36.7,334,92.2,0.6,3605,59971,265000000,0.0,9039.0,92.0,15,4.1,2.3,164.0
27,Feuerthalen,2020,25.6,36.9,350,97.1,0.9,3700,61062,275000000,0.0,9039.0,92.0,24,6.7,5.9,166.0
27,Feuerthalen,2021,25.4,36.7,373,100.8,1.5,3764,61225,277000000,0.0,9039.0,92.0,23,6.2,10.9,165.0
27,Feuerthalen,2022,25.2,36.4,357,94.8,2.8,3766,60018,297000000,0.0,9039.0,92.0,18,4.8,23.4,165.0
27,Feuerthalen,2023,23.9,36.6,342,90.8,3.0,3811,60018,297000000,0.0,9039.0,92.0,16,4.2,16.4,165.0
28,Flaach,2019,24.9,36.8,139,98.8,1.0,1420,65124,388000000,0.0,4777.0,93.0,5,3.6,2.1,256.0
28,Flaach,2020,24.7,37.4,154,108.5,1.4,1427,66039,400000000,0.0,4777.0,93.0,12,8.5,8.1,247.0
28,Flaach,2021,24.2,36.8,155,108.6,2.4,1439,66978,400000000,0.0,4777.0,93.0,16,11.2,21.4,244.0
28,Flaach,2022,23.9,36.2,165,114.7,4.4,1474,66223,408000000,0.0,4777.0,93.0,5,3.5,35.0,249.0
28,Flaach,2023,24.9,35.7,163,110.6,4.9,1489,66223,408000000,0.0,4777.0,93.0,10,6.8,23.1,249.0
29,Flurlingen,2019,23.4,38.3,142,98.8,1.3,1477,73705,493000000,0.0,3924.0,96.0,4,2.8,1.8,372.0
29,Flurlingen,2020,23.1,38.4,138,93.4,1.6,1556,72525,495000000,0.0,3924.0,96.0,4,2.7,8.3,378.0
29,Flurlingen,2021,21.6,39.2,141,90.6,2.0,1516,72490,502000000,0.0,3924.0,96.0,8,5.1,8.8,376.0
29,Flurlingen,2022,21.5,39.4,135,89.1,3.3,1514,73682,518000000,0.0,3924.0,96.0,7,4.6,22.2,376.0
29,Flurlingen,2023,21.5,39.2,128,84.5,5.6,1510,73682,518000000,0.0,3924.0,96.0,4,2.6,46.7,376.0
30,Andelfingen (bis 2022),2019,24.2,33.1,200,90.6,1.4,2238,68948,494000000,48.4,10383.0,82.0,7,3.2,6.3,380.0
30,Andelfingen (bis 2022),2020,22.5,34.7,201,89.8,1.7,2227,68472,454000000,48.4,10383.0,82.0,11,4.9,19.0,389.0
30,Andelfingen (bis 2022),2021,22.8,34.3,197,88.5,2.6,2225,68399,464000000,48.4,10383.0,82.0,12,5.4,18.2,390.0
30,Andelfingen (bis 2022),2022,22.0,35.1,210,94.4,3.4,2227,67235,473000000,48.4,10383.0,82.0,11,4.9,26.5,395.0
31,Henggart,2019,19.8,37.0,187,83.4,1.6,2235,66347,378000000,67.7,5410.0,76.0,14,6.2,12.3,319.0
31,Henggart,2020,20.4,37.5,195,87.2,1.9,2294,67778,375000000,67.7,5410.0,76.0,12,5.4,10.0,323.0
31,Henggart,2021,20.8,37.1,197,85.9,3.0,2302,68273,391000000,67.7,5410.0,76.0,8,3.5,21.7,321.0
31,Henggart,2022,20.8,37.4,207,89.9,3.7,2257,65723,408000000,67.7,5410.0,76.0,9,3.9,26.9,320.0
31,Henggart,2023,20.8,36.8,191,84.6,4.7,2318,65723,408000000,67.7,5410.0,76.0,11,4.9,33.3,320.0
32,Humlikon (bis 2022),2019,14.8,40.4,46,94.7,0.4,485,70094,488000000,0.0,1694.0,91.0,2,4.1,0.0,179.0
32,Humlikon (bis 2022),2020,15.7,39.7,50,103.1,0.3,484,71928,512000000,0.0,1694.0,91.0,3,6.2,0.0,174.0
32,Humlikon (bis 2022),2021,17.0,39.3,50,103.3,1.0,488,69185,504000000,0.0,1694.0,91.0,2,4.1,10.0,172.0
32,Humlikon (bis 2022),2022,16.0,40.1,45,92.2,1.7,494,69659,516000000,0.0,1694.0,91.0,0,0.0,0.0,172.0
33,Kleinandelfingen,2019,21.5,38.8,226,107.2,0.6,2077,63267,391000000,18.0,10766.0,95.0,16,7.6,1.5,533.0
33,Kleinandelfingen,2020,21.6,38.4,240,115.6,0.8,2105,60493,404000000,18.0,10766.0,95.0,16,7.7,0.0,526.0
33,Kleinandelfingen,2021,22.1,37.6,260,123.5,1.4,2132,61431,409000000,18.0,10766.0,95.0,31,14.7,15.6,540.0
33,Kleinandelfingen,2022,20.6,37.6,251,117.7,2.2,2131,65382,402000000,18.0,10766.0,95.0,25,11.7,18.8,550.0
33,Kleinandelfingen,2023,20.6,37.8,273,128.1,3.3,2191,65382,402000000,18.0,10766.0,95.0,20,9.4,23.7,550.0
34,Laufen-Uhwiesen,2019,18.0,41.4,207,121.3,1.4,1759,98433,604000000,0.8,4801.0,94.0,13,7.6,8.7,239.0
34,Laufen-Uhwiesen,2020,18.4,41.3,213,121.1,1.5,1780,79595,586000000,0.8,4801.0,94.0,8,4.5,4.4,243.0
34,Laufen-Uhwiesen,2021,17.6,42.0,207,116.3,2.4,1780,80007,661000000,0.8,4801.0,94.0,13,7.3,15.1,242.0
34,Laufen-Uhwiesen,2022,17.2,41.5,205,115.2,3.7,1780,77603,684000000,0.8,4801.0,94.0,7,3.9,34.2,242.0
34,Laufen-Uhwiesen,2023,18.6,41.2,213,119.7,5.8,1810,77603,684000000,0.8,4801.0,94.0,14,7.9,34.1,242.0
35,Marthalen,2019,24.0,36.8,217,114.1,0.7,1908,69759,413000000,46.6,7958.0,86.0,10,5.3,5.8,445.0
35,Marthalen,2020,23.3,36.8,234,122.6,0.9,1929,70187,427000000,46.6,7958.0,86.0,12,6.3,6.7,446.0
35,Marthalen,2021,22.9,37.0,229,118.7,1.4,1927,70597,436000000,46.6,7958.0,86.0,14,7.3,14.3,440.0
35,Marthalen,2022,22.0,36.0,223,115.7,2.0,1948,67851,453000000,46.6,7958.0,86.0,12,6.2,13.0,436.0
35,Marthalen,2023,21.9,35.4,230,118.1,3.0,1948,67851,453000000,46.6,7958.0,86.0,11,5.6,21.4,436.0
37,Ossingen,2019,24.6,36.9,140,85.7,0.9,1665,55823,303000000,63.4,4882.0,92.0,7,4.3,8.1,352.0
37,Ossingen,2020,25.5,36.3,142,85.3,1.1,1726,57093,314000000,63.4,4882.0,92.0,10,6.0,10.3,348.0
37,Ossingen,2021,25.1,36.3,145,84.0,1.6,1696,59166,327000000,63.4,4882.0,92.0,9,5.2,18.5,341.0
37,Ossingen,2022,24.6,36.2,147,86.7,2.0,1710,59639,340000000,63.4,4882.0,92.0,9,5.3,13.6,349.0
37,Ossingen,2023,23.7,36.1,148,86.5,2.6,1697,59639,340000000,63.4,4882.0,92.0,7,4.1,26.5,349.0
38,Rheinau,2019,19.7,41.8,133,100.5,0.8,1315,60378,276000000,0.0,4378.0,84.0,4,3.0,4.8,202.0
38,Rheinau,2020,18.6,41.3,152,115.6,0.9,1291,61469,277000000,0.0,4378.0,84.0,7,5.3,8.3,205.0
38,Rheinau,2021,19.2,40.7,153,118.5,1.6,1295,59805,301000000,0.0,4378.0,84.0,5,3.9,21.1,206.0
38,Rheinau,2022,18.8,40.5,156,120.5,2.2,1285,60282,337000000,0.0,4378.0,84.0,9,6.9,15.8,207.0
38,Rheinau,2023,19.5,38.8,146,113.6,3.4,1284,60282,337000000,0.0,4378.0,84.0,7,5.4,33.3,207.0
39,Thalheim a.d.Th.,2019,18.3,42.1,122,133.0,1.5,942,65443,433000000,3.3,2773.0,94.0,6,6.5,14.3,233.0
39,Thalheim a.d.Th.,2020,19.7,40.4,136,144.4,1.4,953,67020,391000000,3.3,2773.0,94.0,7,7.4,8.7,232.0
39,Thalheim a.d.Th.,2021,18.5,41.3,141,148.0,1.8,976,66058,381000000,3.3,2773.0,94.0,10,10.5,19.0,235.0
39,Thalheim a.d.Th.,2022,19.5,40.3,150,153.7,3.5,979,64296,387000000,3.3,2773.0,94.0,10,10.2,38.9,237.0
39,Thalheim a.d.Th.,2023,19.2,40.4,155,158.3,4.6,1027,64296,387000000,3.3,2773.0,94.0,12,12.3,34.4,237.0
40,Trüllikon,2019,20.0,36.6,131,123.4,0.9,1056,59759,391000000,0.0,5380.0,96.0,4,3.8,0.0,216.0
40,Trüllikon,2020,19.4,37.9,135,127.8,1.3,1055,61060,396000000,0.0,5380.0,96.0,3,2.8,8.7,216.0
40,Trüllikon,2021,19.2,38.2,136,128.9,1.6,1060,61869,405000000,0.0,5380.0,96.0,11,10.4,11.8,213.0
40,Trüllikon,2022,20.1,36.9,135,127.4,3.3,1065,59288,414000000,0.0,5380.0,96.0,6,5.7,50.0,212.0
40,Trüllikon,2023,21.0,36.0,134,125.8,4.6,1090,59288,414000000,0.0,5380.0,96.0,3,2.8,38.9,212.0
41,Truttikon,2019,19.0,40.9,42,87.9,1.0,464,54393,358000000,0.0,1208.0,91.0,2,4.2,10.0,257.0
41,Truttikon,2020,18.7,41.1,42,90.5,1.7,450,57629,385000000,0.0,1208.0,91.0,2,4.3,16.7,266.0
41,Truttikon,2021,18.6,40.3,43,95.6,4.5,452,58323,391000000,0.0,1208.0,91.0,1,2.2,35.7,255.0
41,Truttikon,2022,18.8,40.9,44,97.3,6.5,464,59049,403000000,0.0,1208.0,91.0,2,4.4,30.0,247.0
41,Truttikon,2023,19.7,40.3,43,92.7,6.8,471,59049,403000000,0.0,1208.0,91.0,3,6.5,50.0,247.0
43,Volken,2019,20.3,40.8,40,110.5,0.9,380,65513,385000000,0.0,1054.0,91.0,0,0.0,12.5,178.0
43,Volken,2020,22.2,38.6,38,100.0,1.0,383,66873,356000000,0.0,1054.0,91.0,0,0.0,0.0,180.0
43,Volken,2021,23.0,39.3,39,101.8,1.8,392,70943,347000000,0.0,1054.0,91.0,3,7.8,11.1,176.0
43,Volken,2022,23.6,39.4,38,96.9,1.8,381,69317,384000000,0.0,1054.0,91.0,1,2.6,9.1,179.0
43,Volken,2023,23.2,41.1,32,84.0,2.2,380,69317,384000000,0.0,1054.0,91.0,2,5.2,16.7,179.0
51,Bachenbülach,2019,22.5,36.0,320,76.9,0.8,4169,64708,333000000,0.0,29401.0,92.0,23,5.5,3.7,217.0
51,Bachenbülach,2020,22.8,35.3,307,73.6,1.5,4203,66530,350000000,0.0,29401.0,92.0,18,4.3,9.0,221.0
51,Bachenbülach,2021,21.5,36.0,319,75.9,3.1,4221,65354,364000000,0.0,29401.0,92.0,21,5.0,20.1,223.0
51,Bachenbülach,2022,21.4,36.5,325,77.0,4.4,4201,62913,382000000,0.0,29401.0,92.0,22,5.2,23.0,222.0
51,Bachenbülach,2023,21.9,35.8,331,78.8,6.1,4315,62913,382000000,0.0,29401.0,92.0,22,5.2,24.2,222.0
52,Bassersdorf,2019,26.0,36.8,850,72.8,0.8,11832,65862,314000000,49.3,34969.0,80.0,60,5.1,4.5,225.0
52,Bassersdorf,2020,25.4,37.1,883,74.6,1.1,11931,66167,312000000,49.3,34969.0,80.0,59,5.0,6.8,225.0
52,Bassersdorf,2021,25.3,37.1,909,76.2,1.6,11953,64782,322000000,49.3,34969.0,80.0,63,5.3,9.3,225.0
52,Bassersdorf,2022,25.4,36.6,920,77.0,2.3,12053,63420,344000000,49.3,34969.0,80.0,48,4.0,16.0,222.0
52,Bassersdorf,2023,25.2,36.7,934,77.5,3.4,12154,63420,344000000,49.3,34969.0,80.0,42,3.5,19.7,222.0
53,Bülach,2019,30.4,32.2,1250,61.3,0.7,21336,60992,247000000,31.8,61540.0,82.0,77,3.8,3.3,151.0
53,Bülach,2020,30.4,32.3,1444,67.7,0.9,21973,61020,244000000,31.8,61540.0,82.0,109,5.1,5.0,155.0
53,Bülach,2021,29.8,32.5,1468,66.8,1.4,22190,60729,254000000,31.8,61540.0,82.0,87,4.0,10.2,155.0
53,Bülach,2022,30.5,32.1,1408,63.5,2.3,23593,60282,251000000,31.8,61540.0,82.0,75,3.4,16.6,162.0
53,Bülach,2023,30.2,32.3,1435,60.8,3.1,24122,60282,251000000,31.8,61540.0,82.0,73,3.1,18.3,162.0
54,Dietlikon,2019,25.4,33.9,532,68.5,1.1,7839,68167,382000000,64.5,40140.0,85.0,46,5.9,4.7,145.0
54,Dietlikon,2020,25.5,34.0,550,70.2,1.3,7867,67323,379000000,64.5,40140.0,85.0,55,7.0,4.3,145.0
54,Dietlikon,2021,24.8,34.2,585,74.4,2.3,7873,67011,393000000,64.5,40140.0,85.0,68,8.6,15.9,146.0
54,Dietlikon,2022,24.8,34.3,574,72.9,3.4,7846,66234,411000000,64.5,40140.0,85.0,47,6.0,18.3,144.0
54,Dietlikon,2023,25.9,34.0,580,73.9,4.6,8029,66234,411000000,64.5,40140.0,85.0,45,5.7,27.3,144.0
55,Eglisau,2019,24.6,36.0,428,82.2,0.8,5335,70378,383000000,51.7,20124.0,86.0,19,3.6,7.6,193.0
55,Eglisau,2020,24.8,35.7,482,90.3,1.6,5499,70472,390000000,51.7,20124.0,86.0,36,6.7,12.8,193.0
55,Eglisau,2021,24.0,35.8,456,82.9,2.5,5514,70795,410000000,51.7,20124.0,86.0,30,5.5,18.9,193.0
55,Eglisau,2022,23.0,36.3,444,80.5,4.0,5528,72745,426000000,51.7,20124.0,86.0,17,3.1,29.5,193.0
55,Eglisau,2023,23.3,36.2,459,83.0,5.5,5643,72745,426000000,51.7,20124.0,86.0,17,3.1,38.1,193.0
56,Embrach,2019,25.6,36.0,715,75.8,0.8,9410,61398,275000000,23.6,25921.0,83.0,31,3.3,3.9,195.0
56,Embrach,2020,24.9,36.0,767,81.5,1.1,9600,60011,270000000,23.6,25921.0,83.0,45,4.8,5.4,197.0
56,Embrach,2021,25.3,35.9,763,79.5,1.8,9860,59052,267000000,23.6,25921.0,83.0,42,4.4,15.5,198.0
56,Embrach,2022,25.7,35.6,752,76.3,2.5,10001,58334,279000000,23.6,25921.0,83.0,32,3.2,19.1,198.0
56,Embrach,2023,26.3,35.5,777,77.7,3.7,10286,58334,279000000,23.6,25921.0,83.0,48,4.8,25.5,198.0
57,Freienstein-Teufen,2019,20.8,40.5,258,109.0,1.0,2390,70590,407000000,0.0,6319.0,88.0,2,0.8,6.6,184.0
57,Freienstein-Teufen,2020,20.0,41.0,274,114.6,1.5,2398,69593,413000000,0.0,6319.0,88.0,19,7.9,9.1,186.0
57,Freienstein-Teufen,2021,19.9,40.5,277,115.5,2.5,2396,69044,445000000,0.0,6319.0,88.0,15,6.3,16.4,185.0
57,Freienstein-Teufen,2022,18.7,40.9,265,110.6,3.8,2386,70300,452000000,0.0,6319.0,88.0,10,4.2,29.4,184.0
57,Freienstein-Teufen,2023,18.1,40.1,259,108.5,4.6,2367,70300,452000000,0.0,6319.0,88.0,9,3.8,22.6,184.0
58,Glattfelden,2019,24.3,38.9,500,96.2,0.7,5218,64378,245000000,6.8,14629.0,94.0,40,7.7,2.6,234.0
58,Glattfelden,2020,24.2,38.8,527,101.0,1.1,5273,63438,246000000,6.8,14629.0,94.0,24,4.6,7.5,236.0
58,Glattfelden,2021,24.3,38.6,537,101.8,2.0,5347,62561,259000000,6.8,14629.0,94.0,29,5.5,14.8,237.0
58,Glattfelden,2022,23.1,39.3,538,100.6,3.9,5258,63008,267000000,6.8,14629.0,94.0,31,5.8,37.0,240.0
58,Glattfelden,2023,23.7,38.9,533,101.4,4.6,5413,63008,267000000,6.8,14629.0,94.0,21,4.0,19.9,240.0
59,Hochfelden,2019,21.3,38.8,177,91.9,0.5,1978,68763,302000000,0.0,4672.0,84.0,9,4.7,2.3,264.0
59,Hochfelden,2020,21.7,38.2,182,92.0,0.8,2019,65157,281000000,0.0,4672.0,84.0,7,3.5,8.2,265.0
59,Hochfelden,2021,21.3,37.9,184,91.1,1.4,2015,63865,312000000,0.0,4672.0,84.0,13,6.4,8.3,265.0
59,Hochfelden,2022,21.7,36.6,188,93.3,1.9,1994,64606,333000000,0.0,4672.0,84.0,15,7.4,15.9,265.0
59,Hochfelden,2023,21.2,36.2,198,99.3,3.0,1997,64606,333000000,0.0,4672.0,84.0,7,3.5,15.9,265.0
60,Höri,2019,28.4,36.7,227,80.2,0.4,2877,58668,217000000,0.0,11252.0,91.0,13,4.6,0.7,198.0
60,Höri,2020,28.9,36.2,224,77.9,0.6,2957,58080,222000000,0.0,11252.0,91.0,23,8.0,1.9,208.0
60,Höri,2021,28.0,35.9,235,79.5,0.7,3028,57505,229000000,0.0,11252.0,91.0,32,10.8,4.4,207.0
60,Höri,2022,30.7,35.2,240,79.3,1.5,3297,56611,233000000,0.0,11252.0,91.0,18,5.9,13.7,208.0
60,Höri,2023,31.4,34.1,240,72.8,2.4,3492,56611,233000000,0.0,11252.0,91.0,24,7.3,13.2,208.0
61,Hüntwangen,2019,19.4,40.3,140,136.2,1.1,1057,69890,376000000,0.8,3620.0,94.0,6,5.8,9.3,284.0
61,Hüntwangen,2020,18.2,40.6,136,128.7,1.3,1066,72575,382000000,0.8,3620.0,94.0,4,3.8,11.4,285.0
61,Hüntwangen,2021,18.8,40.6,137,128.5,1.6,1082,68389,400000000,0.8,3620.0,94.0,12,11.3,5.3,286.0
61,Hüntwangen,2022,18.2,39.8,134,123.8,2.6,1092,70739,391000000,0.8,3620.0,94.0,6,5.5,23.3,284.0
61,Hüntwangen,2023,19.0,39.1,139,127.3,4.2,1108,70739,391000000,0.8,3620.0,94.0,11,10.1,28.6,284.0
62,Kloten,2019,30.5,35.0,1157,58.9,0.7,20079,57986,242000000,59.5,148195.0,66.0,69,3.5,3.5,159.0
62,Kloten,2020,30.8,35.1,1260,62.8,1.1,20365,58948,248000000,59.5,148195.0,66.0,84,4.2,5.9,159.0
62,Kloten,2021,30.8,35.2,1328,65.2,1.9,20716,57341,245000000,59.5,148195.0,66.0,105,5.2,13.1,158.0
62,Kloten,2022,31.3,35.0,1328,64.1,2.7,20909,55823,249000000,59.5,148195.0,66.0,86,4.2,17.4,157.0
62,Kloten,2023,31.4,35.0,1320,63.1,3.9,21221,55823,249000000,59.5,148195.0,66.0,93,4.4,23.4,157.0
63,Lufingen,2019,24.8,39.8,302,126.0,1.0,2414,79567,351000000,0.0,5500.0,86.0,15,6.3,5.0,273.0
63,Lufingen,2020,25.5,38.6,304,125.9,1.7,2561,78432,357000000,0.0,5500.0,86.0,21,8.7,10.1,265.0
63,Lufingen,2021,25.8,38.0,323,126.1,2.7,2614,79176,370000000,0.0,5500.0,86.0,19,7.4,14.0,263.0
63,Lufingen,2022,25.4,38.7,321,122.8,3.8,2763,77011,377000000,0.0,5500.0,86.0,15,5.7,17.4,259.0
63,Lufingen,2023,26.0,38.8,356,128.8,5.0,2841,77011,377000000,0.0,5500.0,86.0,22,8.0,22.7,259.0
64,Nürensdorf,2019,20.7,38.9,589,105.0,0.9,5593,84852,573000000,0.0,12937.0,90.0,32,5.7,3.8,210.0
64,Nürensdorf,2020,20.6,38.7,622,111.2,1.2,5616,80698,562000000,0.0,12937.0,90.0,28,5.0,5.8,211.0
64,Nürensdorf,2021,20.5,38.4,611,108.8,1.9,5718,83576,580000000,0.0,12937.0,90.0,29,5.2,11.9,211.0
64,Nürensdorf,2022,20.2,38.2,608,106.3,2.8,5698,80030,592000000,0.0,12937.0,90.0,26,4.5,17.0,211.0
64,Nürensdorf,2023,19.9,38.4,611,107.2,3.9,5755,80030,592000000,0.0,12937.0,90.0,19,3.3,24.3,211.0
65,Oberembrach,2019,20.7,41.3,125,118.6,0.4,1101,72077,360000000,0.0,2665.0,89.0,8,7.6,2.9,554.0
65,Oberembrach,2020,20.3,41.4,132,119.9,0.8,1097,73487,365000000,0.0,2665.0,89.0,8,7.3,0.0,547.0
65,Oberembrach,2021,18.8,43.4,134,122.2,1.2,1075,70700,383000000,0.0,2665.0,89.0,5,4.6,9.1,524.0
65,Oberembrach,2022,19.4,42.4,141,131.2,1.9,1083,73539,387000000,0.0,2665.0,89.0,6,5.6,21.4,515.0
65,Oberembrach,2023,18.9,42.6,138,127.4,2.6,1079,73539,387000000,0.0,2665.0,89.0,11,10.2,23.8,515.0
66,Opfikon,2019,37.3,30.6,1014,50.1,0.6,20889,54545,182000000,58.3,77335.0,74.0,64,3.2,2.5,136.0
66,Opfikon,2020,36.4,31.3,1114,53.3,1.2,20905,53380,178000000,58.3,77335.0,74.0,91,4.4,8.3,138.0
66,Opfikon,2021,35.7,31.8,1172,56.1,1.8,20964,56321,200000000,58.3,77335.0,74.0,100,4.8,8.4,138.0
66,Opfikon,2022,35.3,32.3,1122,53.5,2.8,21127,56398,204000000,58.3,77335.0,74.0,67,3.2,11.6,138.0
66,Opfikon,2023,35.0,32.6,1170,55.4,4.0,21425,56398,204000000,58.3,77335.0,74.0,66,3.1,21.3,138.0
67,Rafz,2019,24.5,37.1,341,74.6,0.8,4650,66004,315000000,27.2,12099.0,84.0,11,2.4,5.4,307.0
67,Rafz,2020,23.9,37.3,354,76.1,1.5,4624,67294,318000000,27.2,12099.0,84.0,19,4.1,12.5,308.0
67,Rafz,2021,24.2,37.0,363,78.5,2.3,4674,65741,309000000,27.2,12099.0,84.0,19,4.1,16.9,306.0
67,Rafz,2022,23.6,37.1,368,78.7,3.2,4670,64551,340000000,27.2,12099.0,84.0,17,3.6,22.3,305.0
67,Rafz,2023,23.5,36.8,383,82.0,4.7,4757,64551,340000000,27.2,12099.0,84.0,32,6.9,32.4,305.0
68,Rorbas,2019,26.0,37.0,279,98.8,0.8,2883,55571,231000000,3.6,8752.0,91.0,6,2.1,4.8,193.0
68,Rorbas,2020,25.2,38.3,286,99.2,1.3,2883,59501,235000000,3.6,8752.0,91.0,11,3.8,8.1,195.0
68,Rorbas,2021,24.8,38.6,273,94.7,1.5,2902,59448,246000000,3.6,8752.0,91.0,17,5.9,10.6,195.0
68,Rorbas,2022,24.2,39.3,275,94.8,2.1,2908,60911,252000000,3.6,8752.0,91.0,17,5.9,18.0,194.0
68,Rorbas,2023,24.1,38.6,280,96.3,2.8,3003,60911,252000000,3.6,8752.0,91.0,12,4.1,25.9,194.0
69,Wallisellen,2019,31.6,33.4,1122,69.1,1.1,16774,71221,376000000,48.6,102115.0,81.0,70,4.3,5.9,142.0
69,Wallisellen,2020,31.7,33.4,1161,69.2,1.6,17171,69452,367000000,48.6,102115.0,81.0,85,5.1,7.8,131.0
69,Wallisellen,2021,31.2,33.6,1213,70.6,2.3,17239,70083,378000000,48.6,102115.0,81.0,103,6.0,12.4,131.0
69,Wallisellen,2022,30.9,33.8,1150,66.7,3.2,17277,70596,393000000,48.6,102115.0,81.0,71,4.1,16.0,131.0
69,Wallisellen,2023,30.7,34.0,1169,67.7,4.4,17553,70596,393000000,48.6,102115.0,81.0,65,3.8,21.9,131.0
70,Wasterkingen,2019,17.7,41.8,86,155.2,0.6,560,60505,310000000,0.0,1754.0,88.0,6,10.8,9.1,161.0
70,Wasterkingen,2020,19.0,39.9,81,144.6,1.1,564,61696,318000000,0.0,1754.0,88.0,3,5.4,5.9,160.0
70,Wasterkingen,2021,18.6,39.1,78,138.3,1.6,585,61970,323000000,0.0,1754.0,88.0,3,5.3,11.8,162.0
70,Wasterkingen,2022,19.3,38.5,78,133.3,2.9,587,62581,325000000,0.0,1754.0,88.0,3,5.1,25.0,164.0
70,Wasterkingen,2023,19.4,37.8,83,141.4,3.8,577,62581,325000000,0.0,1754.0,88.0,7,11.9,14.3,164.0
71,Wil,2019,19.4,39.2,166,116.8,1.0,1472,76536,479000000,0.0,4110.0,91.0,5,3.5,7.8,258.0
71,Wil,2020,20.3,38.4,184,125.0,1.5,1487,74315,474000000,0.0,4110.0,91.0,13,8.8,2.6,256.0
71,Wil,2021,19.5,38.9,184,123.7,2.5,1516,76715,478000000,0.0,4110.0,91.0,17,11.4,16.1,262.0
71,Wil,2022,19.8,37.9,179,118.1,3.9,1564,73476,482000000,0.0,4110.0,91.0,6,4.0,27.9,261.0
71,Wil,2023,19.5,37.4,180,115.1,5.8,1576,73476,482000000,0.0,4110.0,91.0,7,4.5,36.7,261.0
72,Winkel,2019,21.9,41.5,387,85.9,1.3,4524,99987,658000000,0.0,12747.0,84.0,41,9.1,6.3,217.0
72,Winkel,2020,22.1,40.9,425,93.9,2.3,4649,101334,681000000,0.0,12747.0,84.0,45,9.9,12.3,220.0
72,Winkel,2021,23.3,39.9,469,100.9,2.8,4862,98977,703000000,0.0,12747.0,84.0,58,12.5,13.6,211.0
72,Winkel,2022,23.1,39.8,478,98.3,4.1,4855,94926,735000000,0.0,12747.0,84.0,30,6.2,17.6,213.0
72,Winkel,2023,22.9,39.1,468,96.4,5.6,4923,94926,735000000,0.0,12747.0,84.0,25,5.1,24.4,213.0
81,Bachs,2019,20.6,40.3,63,108.6,0.5,596,60015,362000000,0.0,2327.0,96.0,3,5.2,0.0,419.0
81,Bachs,2020,19.5,40.3,55,92.3,0.5,615,61417,377000000,0.0,2327.0,96.0,1,1.7,5.0,422.0
81,Bachs,2021,19.0,40.4,58,94.3,0.7,633,63579,393000000,0.0,2327.0,96.0,6,9.8,5.3,422.0
81,Bachs,2022,19.9,40.4,59,93.2,2.5,639,64478,410000000,0.0,2327.0,96.0,2,3.2,25.0,403.0
81,Bachs,2023,18.9,40.2,59,92.3,3.3,652,64478,410000000,0.0,2327.0,96.0,4,6.3,15.4,403.0
82,Boppelsen,2019,20.6,38.0,176,128.3,1.1,1424,97636,774000000,0.0,3351.0,92.0,7,5.1,8.2,227.0
82,Boppelsen,2020,20.4,38.6,187,131.3,1.4,1465,89335,722000000,0.0,3351.0,92.0,12,8.4,4.9,230.0
82,Boppelsen,2021,19.5,38.8,193,131.7,2.3,1457,90715,751000000,0.0,3351.0,92.0,16,10.9,15.0,231.0
82,Boppelsen,2022,19.9,38.6,195,133.8,3.5,1454,90381,842000000,0.0,3351.0,92.0,13,8.9,23.5,231.0
82,Boppelsen,2023,19.6,39.1,195,134.1,5.6,1434,90381,842000000,0.0,3351.0,92.0,9,6.2,30.1,231.0
83,Buchs,2019,28.8,36.9,490,76.7,0.8,6560,64394,246000000,62.9,19195.0,83.0,27,4.2,4.0,274.0
83,Buchs,2020,28.1,36.8,553,84.3,1.1,6554,64634,250000000,62.9,19195.0,83.0,51,7.8,6.6,276.0
83,Buchs,2021,28.2,36.7,561,85.6,1.7,6587,64146,257000000,62.9,19195.0,83.0,40,6.1,13.0,274.0
83,Buchs,2022,27.7,36.9,558,84.7,2.7,6598,63175,265000000,62.9,19195.0,83.0,36,5.5,19.3,272.0
83,Buchs,2023,27.1,36.7,551,83.5,3.7,6646,63175,265000000,62.9,19195.0,83.0,28,4.2,20.6,272.0
84,Dällikon,2019,27.3,35.3,433,104.7,0.4,4170,62330,294000000,0.7,13863.0,89.0,26,6.3,2.1,220.0
84,Dällikon,2020,27.0,35.2,455,109.1,0.9,4269,63870,291000000,0.7,13863.0,89.0,34,8.2,7.0,221.0
84,Dällikon,2021,26.2,36.2,453,106.1,1.3,4291,64218,296000000,0.7,13863.0,89.0,24,5.6,6.2,222.0
84,Dällikon,2022,25.7,36.3,452,105.3,2.1,4268,60328,304000000,0.7,13863.0,89.0,18,4.2,19.5,222.0
84,Dällikon,2023,26.2,36.1,450,105.4,4.0,4369,60328,304000000,0.7,13863.0,89.0,25,5.9,18.8,222.0
85,Dänikon,2019,23.8,39.4,182,97.2,1.0,1860,70535,282000000,0.3,3377.0,81.0,8,4.3,4.9,231.0
85,Dänikon,2020,23.7,39.8,190,102.2,1.0,1847,68884,290000000,0.3,3377.0,81.0,6,3.2,3.5,229.0
85,Dänikon,2021,23.1,39.6,199,107.7,2.2,1849,69696,350000000,0.3,3377.0,81.0,18,9.7,21.6,230.0
85,Dänikon,2022,23.3,39.4,210,113.6,2.8,1862,68804,349000000,0.3,3377.0,81.0,17,9.2,23.1,228.0
85,Dänikon,2023,23.0,39.3,220,118.2,4.0,1864,68804,349000000,0.3,3377.0,81.0,7,3.8,33.3,228.0
86,Dielsdorf,2019,27.7,35.1,460,76.8,6.4,5960,62755,295000000,71.5,28389.0,89.0,68,11.4,5.6,209.0
86,Dielsdorf,2020,26.9,35.2,492,82.6,5.6,5966,63547,306000000,71.5,28389.0,89.0,76,12.8,5.1,210.0
86,Dielsdorf,2021,27.2,34.9,479,80.3,5.4,6041,61593,310000000,71.5,28389.0,89.0,80,13.4,12.7,211.0
86,Dielsdorf,2022,27.5,34.9,492,81.4,5.3,6142,59587,315000000,71.5,28389.0,89.0,60,9.9,18.1,211.0
86,Dielsdorf,2023,27.4,35.1,511,83.2,6.3,6360,59587,315000000,71.5,28389.0,89.0,55,9.0,23.8,211.0
87,Hüttikon,2019,20.2,39.7,108,117.1,0.8,949,82506,444000000,0.0,1780.0,90.0,7,7.6,5.0,227.0
87,Hüttikon,2020,19.2,40.1,123,129.6,1.2,947,87077,458000000,0.0,1780.0,90.0,14,14.8,6.7,224.0
87,Hüttikon,2021,18.7,40.8,139,146.8,2.6,924,91028,482000000,0.0,1780.0,90.0,11,11.6,20.6,226.0
87,Hüttikon,2022,18.2,41.2,133,143.9,2.4,959,85209,473000000,0.0,1780.0,90.0,7,7.6,15.0,224.0
87,Hüttikon,2023,17.4,42.0,135,140.8,3.6,973,85209,473000000,0.0,1780.0,90.0,7,7.3,36.7,224.0
88,Neerach,2019,19.8,43.0,339,106.9,1.3,3174,86327,1071000000,0.0,13636.0,94.0,29,9.1,7.2,236.0
88,Neerach,2020,19.5,43.0,333,104.9,1.6,3225,91486,1063000000,0.0,13636.0,94.0,20,6.3,7.6,237.0
88,Neerach,2021,19.0,43.1,347,107.6,2.4,3269,92565,1128000000,0.0,13636.0,94.0,21,6.5,13.1,238.0
88,Neerach,2022,18.6,42.4,334,102.2,3.4,3316,9634,1404000000,0.0,13636.0,94.0,21,6.4,18.4,238.0
88,Neerach,2023,17.7,42.1,339,102.2,4.9,3314,9634,1404000000,0.0,13636.0,94.0,26,7.8,25.4,238.0
89,Niederglatt,2019,25.8,37.8,382,77.4,0.7,4991,64070,273000000,48.7,16124.0,84.0,15,3.0,2.7,209.0
89,Niederglatt,2020,24.8,38.6,408,81.7,1.0,4937,62518,279000000,48.7,16124.0,84.0,22,4.4,4.7,211.0
89,Niederglatt,2021,24.8,38.1,445,90.1,1.3,4959,60376,289000000,48.7,16124.0,84.0,33,6.7,6.1,208.0
89,Niederglatt,2022,26.4,37.1,440,88.7,2.2,5167,60791,276000000,48.7,16124.0,84.0,32,6.5,21.3,208.0
89,Niederglatt,2023,26.8,37.0,458,88.6,3.1,5325,60791,276000000,48.7,16124.0,84.0,31,6.0,18.5,208.0
90,Niederhasli,2019,26.1,36.1,758,82.0,0.8,9340,63305,270000000,71.3,27730.0,88.0,49,5.3,4.3,237.0
90,Niederhasli,2020,26.0,36.1,785,84.0,1.1,9446,64041,262000000,71.3,27730.0,88.0,54,5.8,8.6,238.0
90,Niederhasli,2021,25.3,36.5,777,82.3,1.7,9447,62860,275000000,71.3,27730.0,88.0,53,5.6,12.1,239.0
90,Niederhasli,2022,24.8,36.6,778,82.4,2.4,9483,61630,288000000,71.3,27730.0,88.0,45,4.8,11.7,239.0
90,Niederhasli,2023,24.9,36.4,753,79.4,3.5,9589,61630,288000000,71.3,27730.0,88.0,38,4.0,21.2,239.0
91,Niederweningen,2019,22.4,39.8,269,88.1,0.9,3072,71485,422000000,0.0,5530.0,83.0,23,7.5,2.0,384.0
91,Niederweningen,2020,21.8,40.3,284,92.4,1.2,3089,70935,413000000,0.0,5530.0,83.0,22,7.2,10.8,384.0
91,Niederweningen,2021,21.8,39.6,287,92.9,2.2,3109,70345,411000000,0.0,5530.0,83.0,10,3.2,19.5,383.0
91,Niederweningen,2022,21.6,40.0,301,96.8,3.6,3081,69408,421000000,0.0,5530.0,83.0,22,7.1,34.4,387.0
91,Niederweningen,2023,22.4,39.3,306,99.3,5.3,3225,69408,421000000,0.0,5530.0,83.0,10,3.2,31.7,387.0
92,Oberglatt,2019,32.3,34.4,484,68.3,0.4,7208,52577,125000000,39.9,17858.0,78.0,26,3.7,0.6,196.0
92,Oberglatt,2020,32.4,33.9,518,71.9,0.5,7361,53033,126000000,39.9,17858.0,78.0,44,6.1,2.4,198.0
92,Oberglatt,2021,32.5,34.2,525,71.3,0.9,7449,52755,131000000,39.9,17858.0,78.0,44,6.0,4.8,198.0
92,Oberglatt,2022,31.4,34.9,529,71.0,1.2,7508,51573,135000000,39.9,17858.0,78.0,27,3.6,9.4,198.0
92,Oberglatt,2023,30.2,35.6,513,68.3,1.9,7573,51573,135000000,39.9,17858.0,78.0,34,4.5,19.7,198.0
93,Oberweningen,2019,23.2,39.8,193,107.3,1.4,1791,71477,419000000,78.9,3287.0,79.0,14,7.8,6.0,184.0
93,Oberweningen,2020,23.1,39.8,211,117.8,1.4,1896,72330,408000000,78.9,3287.0,79.0,11,6.1,5.1,187.0
93,Oberweningen,2021,23.3,39.2,208,109.7,1.9,1891,69516,397000000,78.9,3287.0,79.0,12,6.3,10.1,187.0
93,Oberweningen,2022,22.6,40.0,200,105.8,3.2,1882,68739,435000000,78.9,3287.0,79.0,5,2.6,32.4,189.0
93,Oberweningen,2023,21.8,40.0,204,108.4,4.3,1884,68739,435000000,78.9,3287.0,79.0,13,6.9,26.2,189.0
94,Otelfingen,2019,22.7,37.9,243,83.0,0.7,2980,67713,312000000,56.5,12214.0,87.0,19,6.5,3.2,207.0
94,Otelfingen,2020,21.6,38.8,281,94.3,1.0,2940,71631,317000000,56.5,12214.0,87.0,30,10.1,5.8,209.0
94,Otelfingen,2021,21.9,38.6,286,97.3,1.4,2930,71034,326000000,56.5,12214.0,87.0,23,7.8,11.1,209.0
94,Otelfingen,2022,22.4,38.4,277,94.5,2.7,2935,67818,328000000,56.5,12214.0,87.0,13,4.4,17.1,210.0
94,Otelfingen,2023,22.6,38.0,275,93.7,3.9,2991,67818,328000000,56.5,12214.0,87.0,14,4.8,21.5,210.0
95,Regensberg,2019,16.8,44.7,36,74.1,0.4,465,76735,507000000,0.0,1335.0,85.0,2,4.1,0.0,126.0
95,Regensberg,2020,15.6,45.3,39,83.9,0.7,461,79017,506000000,0.0,1335.0,85.0,3,6.5,11.1,122.0
95,Regensberg,2021,15.0,46.1,37,80.3,1.1,460,86160,539000000,0.0,1335.0,85.0,3,6.5,0.0,123.0
95,Regensberg,2022,16.3,44.4,37,80.4,1.1,466,75801,563000000,0.0,1335.0,85.0,2,4.3,11.1,120.0
95,Regensberg,2023,15.8,44.9,30,64.4,2.5,463,75801,563000000,0.0,1335.0,85.0,1,2.1,33.3,120.0
96,Regensdorf,2019,28.5,34.1,1360,73.9,0.8,18494,58443,272000000,31.6,88431.0,91.0,84,4.6,3.2,172.0
96,Regensdorf,2020,28.3,34.2,1446,78.2,1.1,18551,58840,273000000,31.6,88431.0,91.0,106,5.7,5.3,173.0
96,Regensdorf,2021,27.6,34.3,1481,79.8,1.7,18519,59340,279000000,31.6,88431.0,91.0,111,6.0,11.7,174.0
96,Regensdorf,2022,28.0,34.1,1477,79.8,2.5,18705,57976,289000000,31.6,88431.0,91.0,97,5.2,15.0,174.0
96,Regensdorf,2023,29.2,33.6,1509,80.7,3.4,19637,57976,289000000,31.6,88431.0,91.0,99,5.3,19.6,174.0
97,Rümlang,2019,30.1,33.6,634,77.7,0.6,8229,59403,243000000,62.0,38431.0,85.0,76,9.3,3.2,184.0
97,Rümlang,2020,30.8,33.0,636,77.3,0.8,8281,60049,242000000,62.0,38431.0,85.0,60,7.3,3.7,184.0
97,Rümlang,2021,30.3,33.1,646,78.0,1.3,8297,60577,247000000,62.0,38431.0,85.0,59,7.1,7.6,183.0
97,Rümlang,2022,29.1,33.5,657,79.2,2.0,8180,60329,251000000,62.0,38431.0,85.0,76,9.2,11.7,183.0
97,Rümlang,2023,29.2,33.4,672,82.2,2.9,8189,60329,251000000,62.0,38431.0,85.0,80,9.8,16.4,183.0
98,Schleinikon,2019,23.2,41.5,94,129.1,0.4,757,62691,338000000,0.0,1317.0,90.0,7,9.6,5.0,192.0
98,Schleinikon,2020,28.6,38.1,97,128.1,1.3,856,65208,308000000,0.0,1317.0,90.0,5,6.6,17.4,191.0
98,Schleinikon,2021,27.7,37.4,94,109.8,2.6,860,63584,327000000,0.0,1317.0,90.0,5,5.8,26.9,191.0
98,Schleinikon,2022,26.6,38.9,98,114.0,3.0,861,64244,345000000,0.0,1317.0,90.0,8,9.3,38.5,192.0
98,Schleinikon,2023,26.2,38.0,95,110.3,3.9,870,64244,345000000,0.0,1317.0,90.0,5,5.8,25.0,192.0
99,Schöfflisdorf,2019,17.4,41.8,145,105.3,1.2,1377,74289,444000000,59.6,3056.0,82.0,7,5.1,8.9,233.0
99,Schöfflisdorf,2020,17.5,41.5,146,106.0,1.7,1394,73793,441000000,59.6,3056.0,82.0,9,6.5,9.7,231.0
99,Schöfflisdorf,2021,17.8,40.8,146,104.7,2.4,1374,72363,451000000,59.6,3056.0,82.0,5,3.6,12.5,229.0
99,Schöfflisdorf,2022,17.5,40.9,146,106.3,3.6,1361,73158,475000000,59.6,3056.0,82.0,9,6.6,26.7,231.0
99,Schöfflisdorf,2023,17.6,40.0,146,107.3,5.1,1389,73158,475000000,59.6,3056.0,82.0,7,5.1,20.4,231.0
100,Stadel,2019,23.3,38.7,211,92.1,0.7,2296,63160,308000000,0.0,6897.0,91.0,12,5.2,3.4,292.0
100,Stadel,2020,23.9,38.0,227,98.9,1.1,2335,65621,302000000,0.0,6897.0,91.0,16,7.0,10.9,293.0
100,Stadel,2021,23.4,38.3,242,103.6,1.7,2341,63790,320000000,0.0,6897.0,91.0,15,6.4,12.5,294.0
100,Stadel,2022,23.3,38.8,240,102.5,2.8,2348,64205,327000000,0.0,6897.0,91.0,16,6.8,15.5,292.0
100,Stadel,2023,23.0,39.5,235,100.1,3.8,2359,64205,327000000,0.0,6897.0,91.0,10,4.3,23.2,292.0
101,Steinmaur,2019,27.4,35.6,325,92.1,0.5,3611,67758,378000000,60.4,9604.0,85.0,17,4.8,2.7,227.0
101,Steinmaur,2020,26.1,35.9,322,89.2,0.8,3583,67720,376000000,60.4,9604.0,85.0,20,5.5,5.2,229.0
101,Steinmaur,2021,26.3,36.2,341,95.2,1.4,3608,68504,381000000,60.4,9604.0,85.0,21,5.9,12.8,227.0
101,Steinmaur,2022,25.7,36.0,325,90.1,2.4,3603,66035,387000000,60.4,9604.0,85.0,10,2.8,17.4,228.0
101,Steinmaur,2023,25.5,35.8,332,92.1,3.8,3709,66035,387000000,60.4,9604.0,85.0,17,4.7,23.0,228.0
102,Weiach,2019,31.1,36.7,175,96.7,0.9,1905,56580,243000000,0.0,7871.0,97.0,13,7.2,5.5,242.0
102,Weiach,2020,31.1,36.9,195,102.4,1.0,1987,60088,236000000,0.0,7871.0,97.0,14,7.3,3.3,239.0
102,Weiach,2021,30.5,36.9,201,101.2,1.6,2050,59174,237000000,0.0,7871.0,97.0,15,7.5,7.7,241.0
102,Weiach,2022,29.9,37.3,203,99.0,2.6,2074,58069,237000000,0.0,7871.0,97.0,13,6.3,20.0,243.0
102,Weiach,2023,29.0,37.5,214,103.2,3.5,2116,58069,237000000,0.0,7871.0,97.0,13,6.3,16.9,243.0
111,Bäretswil,2019,21.4,36.8,483,96.4,0.5,5055,61546,362000000,0.0,16169.0,90.0,20,4.0,2.9,359.0
111,Bäretswil,2020,20.7,37.1,516,102.1,1.0,5049,60612,378000000,0.0,16169.0,90.0,36,7.1,7.7,367.0
111,Bäretswil,2021,20.5,36.9,536,106.2,1.6,5011,60771,390000000,0.0,16169.0,90.0,27,5.3,13.9,368.0
111,Bäretswil,2022,20.2,36.9,526,105.0,2.3,5105,60966,401000000,0.0,16169.0,90.0,30,6.0,17.3,364.0
111,Bäretswil,2023,20.3,36.5,523,102.4,3.0,5144,60966,401000000,0.0,16169.0,90.0,19,3.7,23.1,364.0
112,Bubikon,2019,21.8,36.6,648,88.3,1.1,7349,67020,418000000,33.3,23333.0,81.0,33,4.5,5.8,248.0
112,Bubikon,2020,21.3,36.6,688,93.6,1.4,7367,68962,410000000,33.3,23333.0,81.0,54,7.3,7.7,249.0
112,Bubikon,2021,21.1,36.6,707,96.0,2.1,7392,68405,407000000,33.3,23333.0,81.0,58,7.9,13.8,249.0
112,Bubikon,2022,20.9,36.5,717,97.0,3.1,7491,67746,413000000,33.3,23333.0,81.0,47,6.4,18.4,248.0
112,Bubikon,2023,21.1,36.3,702,93.7,4.4,7588,67746,413000000,33.3,23333.0,81.0,46,6.1,33.0,248.0
113,Dürnten,2019,23.5,37.4,710,93.5,1.4,7594,59586,271000000,39.7,19357.0,91.0,71,9.4,8.8,243.0
113,Dürnten,2020,23.0,37.7,713,93.9,1.7,7645,59899,282000000,39.7,19357.0,91.0,61,8.0,10.3,244.0
113,Dürnten,2021,22.8,37.5,723,94.6,2.4,7677,61497,301000000,39.7,19357.0,91.0,78,10.2,16.9,245.0
113,Dürnten,2022,22.8,37.3,733,95.5,3.3,7779,60311,335000000,39.7,19357.0,91.0,59,7.7,27.5,243.0
113,Dürnten,2023,22.8,37.1,735,94.5,4.0,7868,60311,335000000,39.7,19357.0,91.0,66,8.5,23.8,243.0
114,Fischenthal,2019,22.8,37.7,258,103.4,0.4,2505,52873,241000000,9.1,6239.0,89.0,12,4.8,2.9,455.0
114,Fischenthal,2020,21.9,38.6,257,102.6,0.8,2494,54319,230000000,9.1,6239.0,89.0,13,5.2,12.0,451.0
114,Fischenthal,2021,23.5,37.4,254,101.8,1.1,2583,54081,226000000,9.1,6239.0,89.0,12,4.8,9.1,437.0
114,Fischenthal,2022,23.4,37.6,267,103.4,2.1,2598,54715,230000000,9.1,6239.0,89.0,9,3.5,25.0,431.0
114,Fischenthal,2023,22.5,38.7,279,107.4,3.0,2617,54715,230000000,9.1,6239.0,89.0,8,3.1,31.1,431.0
115,Gossau,2019,23.7,36.0,938,92.0,0.8,10254,67891,413000000,0.4,29404.0,89.0,42,4.1,4.3,188.0
115,Gossau,2020,23.5,35.9,967,94.3,1.2,10257,67838,417000000,0.4,29404.0,89.0,58,5.7,9.5,188.0
115,Gossau,2021,22.7,35.9,1005,98.0,1.6,10228,67940,432000000,0.4,29404.0,89.0,71,6.9,10.3,188.0
115,Gossau,2022,22.8,36.0,1029,100.6,2.4,10318,67515,468000000,0.4,29404.0,89.0,49,4.8,20.7,189.0
115,Gossau,2023,23.1,35.7,1044,101.2,3.3,10548,67515,468000000,0.4,29404.0,89.0,51,4.9,26.6,189.0
116,Grüningen,2019,25.3,35.8,353,101.7,2.0,3638,69200,494000000,0.0,13519.0,91.0,17,4.9,10.0,293.0
116,Grüningen,2020,25.1,36.0,372,102.3,2.4,3715,73172,502000000,0.0,13519.0,91.0,16,4.4,16.7,296.0
116,Grüningen,2021,24.9,35.6,390,105.0,2.8,3823,69464,469000000,0.0,13519.0,91.0,16,4.3,17.4,298.0
116,Grüningen,2022,24.1,36.0,394,103.1,3.4,3835,64781,395000000,0.0,13519.0,91.0,16,4.2,18.6,296.0
116,Grüningen,2023,23.6,36.4,395,103.0,4.8,3837,64781,395000000,0.0,13519.0,91.0,23,6.0,26.4,296.0
117,Hinwil,2019,25.3,35.2,941,84.6,0.9,11271,60353,370000000,48.1,53570.0,91.0,37,3.3,2.9,266.0
117,Hinwil,2020,25.3,35.3,985,87.4,1.2,11344,61144,388000000,48.1,53570.0,91.0,50,4.4,6.9,267.0
117,Hinwil,2021,24.9,35.6,1046,92.2,1.8,11624,61489,380000000,48.1,53570.0,91.0,69,6.1,13.0,266.0
117,Hinwil,2022,24.0,35.8,1073,92.3,2.5,11563,60378,373000000,48.1,53570.0,91.0,52,4.5,19.9,267.0
117,Hinwil,2023,24.5,35.2,1061,91.8,3.3,11824,60378,373000000,48.1,53570.0,91.0,41,3.5,22.2,267.0
118,Rüti,2019,26.5,34.5,804,66.3,0.5,12254,55594,269000000,35.5,31014.0,82.0,47,3.9,3.9,171.0
118,Rüti,2020,26.7,34.4,877,71.6,0.8,12485,56347,270000000,35.5,31014.0,82.0,53,4.3,6.3,176.0
118,Rüti,2021,26.7,34.3,935,74.9,1.3,12631,56111,271000000,35.5,31014.0,82.0,70,5.6,9.5,175.0
118,Rüti,2022,26.2,34.0,949,75.1,1.9,12684,55004,273000000,35.5,31014.0,82.0,61,4.8,17.6,175.0
118,Rüti,2023,26.1,34.2,936,73.8,2.9,12822,55004,273000000,35.5,31014.0,82.0,56,4.4,27.0,175.0
119,Seegräben,2019,23.3,39.3,146,101.5,1.5,1426,67150,477000000,0.0,3265.0,73.0,5,3.5,6.7,433.0
119,Seegräben,2020,22.0,41.0,143,100.3,2.3,1423,70494,501000000,0.0,3265.0,73.0,16,11.2,16.2,432.0
119,Seegräben,2021,21.9,40.4,152,106.8,3.2,1423,69148,513000000,0.0,3265.0,73.0,12,8.4,16.7,434.0
119,Seegräben,2022,20.4,41.0,154,108.2,4.4,1419,68943,566000000,0.0,3265.0,73.0,15,10.5,29.0,435.0
119,Seegräben,2023,20.9,40.0,160,112.8,6.4,1457,68943,566000000,0.0,3265.0,73.0,8,5.6,42.9,435.0
120,Wald,2019,25.8,36.3,891,89.8,0.5,10078,54038,268000000,48.9,24832.0,88.0,48,4.8,3.1,252.0
120,Wald,2020,25.9,36.2,906,89.9,0.7,10182,54813,267000000,48.9,24832.0,88.0,63,6.3,3.1,250.0
120,Wald,2021,25.5,36.0,914,89.8,1.2,10272,54992,271000000,48.9,24832.0,88.0,57,5.6,15.1,251.0
120,Wald,2022,25.1,36.3,928,90.3,2.0,10335,52594,277000000,48.9,24832.0,88.0,52,5.1,24.7,252.0
120,Wald,2023,24.6,36.2,928,89.8,2.7,10525,52594,277000000,48.9,24832.0,88.0,25,2.4,23.6,252.0
121,Wetzikon,2019,29.6,33.1,1584,64.0,0.7,24985,55830,265000000,57.0,87474.0,80.0,76,3.1,3.6,176.0
121,Wetzikon,2020,29.2,33.2,1716,68.7,1.1,25038,57023,270000000,57.0,87474.0,80.0,118,4.7,8.2,177.0
121,Wetzikon,2021,28.8,33.3,1769,70.7,1.6,25451,56496,269000000,57.0,87474.0,80.0,127,5.1,11.9,176.0
121,Wetzikon,2022,28.5,33.4,1822,71.6,2.2,25989,55688,270000000,57.0,87474.0,80.0,87,3.4,15.6,175.0
121,Wetzikon,2023,28.5,33.1,1827,70.3,3.1,26421,55688,270000000,57.0,87474.0,80.0,106,4.1,22.7,175.0
131,Adliswil,2019,27.7,33.4,1489,79.7,0.8,18869,67302,345000000,78.5,43019.0,77.0,148,7.9,5.5,171.0
131,Adliswil,2020,27.1,33.9,1571,83.3,1.1,19004,67779,354000000,78.5,43019.0,77.0,139,7.4,6.2,175.0
131,Adliswil,2021,26.7,34.3,1622,85.4,1.8,18998,66515,363000000,78.5,43019.0,77.0,151,7.9,13.0,175.0
131,Adliswil,2022,26.8,34.3,1648,86.7,2.7,19180,67236,360000000,78.5,43019.0,77.0,134,7.1,19.0,173.0
131,Adliswil,2023,26.9,34.7,1643,85.7,3.7,19660,67236,360000000,78.5,43019.0,77.0,118,6.2,20.6,173.0
135,Kilchberg,2019,23.6,37.0,774,87.8,1.3,8925,136705,1509000000,54.1,21689.0,82.0,68,7.7,8.0,129.0
135,Kilchberg,2020,23.9,37.2,832,93.2,2.0,9189,141216,1540000000,54.1,21689.0,82.0,74,8.3,10.7,130.0
135,Kilchberg,2021,23.5,37.4,840,91.4,3.4,9294,139804,1663000000,54.1,21689.0,82.0,59,6.4,18.4,131.0
135,Kilchberg,2022,23.0,37.6,826,88.9,4.3,9276,137305,1665000000,54.1,21689.0,82.0,47,5.1,20.8,131.0
135,Kilchberg,2023,22.7,38.0,830,89.5,5.6,9425,137305,1665000000,54.1,21689.0,82.0,54,5.8,24.2,131.0
136,Langnau a.A.,2019,23.0,34.7,658,87.5,1.2,7727,74379,503000000,43.2,16791.0,82.0,44,5.8,7.7,229.0
136,Langnau a.A.,2020,22.8,34.6,703,91.0,1.8,7880,76080,553000000,43.2,16791.0,82.0,51,6.6,11.3,232.0
136,Langnau a.A.,2021,23.0,34.7,730,92.6,2.5,7977,77631,565000000,43.2,16791.0,82.0,53,6.7,15.3,231.0
136,Langnau a.A.,2022,23.1,34.7,738,92.5,3.8,8039,76899,576000000,43.2,16791.0,82.0,34,4.3,29.4,231.0
136,Langnau a.A.,2023,22.7,35.1,772,96.0,4.8,8140,76899,576000000,43.2,16791.0,82.0,43,5.3,33.5,231.0
137,Oberrieden,2019,18.9,36.7,359,70.6,0.7,4996,96018,793000000,76.9,11619.0,70.0,10,2.0,4.3,196.0
137,Oberrieden,2020,19.7,36.4,375,75.1,0.9,5118,97213,792000000,76.9,11619.0,70.0,21,4.2,5.9,202.0
137,Oberrieden,2021,19.5,36.8,406,79.3,1.3,5114,95956,793000000,76.9,11619.0,70.0,33,6.4,8.3,205.0
137,Oberrieden,2022,19.5,36.3,426,83.3,2.4,5280,96091,836000000,76.9,11619.0,70.0,21,4.1,20.1,203.0
137,Oberrieden,2023,19.6,36.2,427,80.9,3.9,5385,96091,836000000,76.9,11619.0,70.0,18,3.4,30.7,203.0
138,Richterswil,2019,22.6,36.5,940,69.8,0.8,13598,71486,405000000,75.4,31404.0,81.0,65,4.8,5.7,211.0
138,Richterswil,2020,22.3,36.7,989,72.7,1.3,13647,73780,412000000,75.4,31404.0,81.0,73,5.4,10.6,212.0
138,Richterswil,2021,21.7,36.7,1042,76.4,2.2,13800,74839,441000000,75.4,31404.0,81.0,81,5.9,15.2,211.0
138,Richterswil,2022,21.5,36.7,1014,73.5,3.3,13966,73195,455000000,75.4,31404.0,81.0,63,4.6,22.7,214.0
138,Richterswil,2023,21.4,36.8,1047,75.0,4.5,14182,73195,455000000,75.4,31404.0,81.0,57,4.1,24.9,214.0
139,Rüschlikon,2019,22.2,37.0,446,74.0,1.4,6103,130385,582000000,61.5,15470.0,72.0,34,5.6,7.7,189.0
139,Rüschlikon,2020,21.7,37.5,462,75.7,2.1,6120,129787,3449000000,61.5,15470.0,72.0,29,4.8,12.4,191.0
139,Rüschlikon,2021,21.4,37.5,459,75.0,2.9,6138,132525,2745000000,61.5,15470.0,72.0,48,7.8,15.5,191.0
139,Rüschlikon,2022,21.2,37.8,506,82.4,4.4,6215,138709,2733000000,61.5,15470.0,72.0,34,5.5,27.0,193.0
139,Rüschlikon,2023,21.0,37.5,527,84.8,5.6,6268,138709,2733000000,61.5,15470.0,72.0,23,3.7,22.7,193.0
141,Thalwil,2019,24.8,36.2,1333,74.2,1.0,18121,85423,604000000,68.5,49368.0,73.0,89,5.0,5.1,154.0
141,Thalwil,2020,25.2,35.8,1394,76.9,1.5,18263,86133,613000000,68.5,49368.0,73.0,89,4.9,10.0,155.0
141,Thalwil,2021,25.4,35.5,1415,77.5,2.5,18525,88701,642000000,68.5,49368.0,73.0,105,5.7,15.7,156.0
141,Thalwil,2022,24.8,35.9,1439,77.7,3.7,18385,90870,686000000,68.5,49368.0,73.0,93,5.0,21.4,157.0
141,Thalwil,2023,24.6,35.9,1428,77.7,5.1,18550,90870,686000000,68.5,49368.0,73.0,69,3.8,26.9,157.0
151,Erlenbach,2019,19.3,39.4,437,78.0,1.8,5586,144379,2180000000,80.1,13498.0,77.0,29,5.2,5.7,133.0
151,Erlenbach,2020,19.6,39.4,465,83.2,2.3,5600,144122,2141000000,80.1,13498.0,77.0,29,5.2,6.7,134.0
151,Erlenbach,2021,19.5,39.4,498,88.9,3.5,5619,147215,2343000000,80.1,13498.0,77.0,39,7.0,17.2,133.0
151,Erlenbach,2022,19.1,39.9,500,89.0,4.8,5668,147446,4087000000,80.1,13498.0,77.0,28,5.0,19.5,132.0
151,Erlenbach,2023,18.8,39.5,502,88.6,6.4,5585,147446,4087000000,80.1,13498.0,77.0,22,3.9,27.3,132.0
152,Herrliberg,2019,18.8,39.3,622,97.3,1.3,6458,151544,2016000000,36.0,13733.0,85.0,44,6.9,6.1,147.0
152,Herrliberg,2020,18.8,39.6,638,98.8,1.8,6566,152713,2049000000,36.0,13733.0,85.0,58,9.0,10.9,148.0
152,Herrliberg,2021,18.4,39.7,659,100.4,2.5,6671,151533,2207000000,36.0,13733.0,85.0,52,7.9,14.6,146.0
152,Herrliberg,2022,18.4,39.5,677,101.5,3.8,6740,147821,2339000000,36.0,13733.0,85.0,34,5.1,21.9,148.0
152,Herrliberg,2023,18.3,39.1,708,105.0,5.4,6753,147821,2339000000,36.0,13733.0,85.0,31,4.6,30.3,148.0
153,Hombrechtikon,2019,21.7,36.9,713,81.7,0.9,8759,63080,441000000,3.3,23420.0,89.0,36,4.1,7.0,225.0
153,Hombrechtikon,2020,21.6,36.8,754,86.1,1.4,8814,64452,457000000,3.3,23420.0,89.0,44,5.0,11.6,226.0
153,Hombrechtikon,2021,21.1,37.0,773,87.7,2.0,8804,64590,468000000,3.3,23420.0,89.0,65,7.4,14.3,226.0
153,Hombrechtikon,2022,21.9,36.6,807,91.7,2.5,8952,62717,471000000,3.3,23420.0,89.0,25,2.8,17.6,225.0
153,Hombrechtikon,2023,21.6,36.8,813,90.8,3.3,8986,62717,471000000,3.3,23420.0,89.0,36,4.0,22.2,225.0
154,Küsnacht,2019,20.3,36.2,1032,71.9,1.2,14537,151792,3269000000,50.2,44921.0,81.0,68,4.7,7.2,208.0
154,Küsnacht,2020,20.4,36.0,1080,74.3,1.6,14806,142114,3236000000,50.2,44921.0,81.0,70,4.8,9.0,209.0
154,Küsnacht,2021,19.6,36.1,1075,72.6,3.1,14794,150233,3427000000,50.2,44921.0,81.0,76,5.1,21.6,209.0
154,Küsnacht,2022,19.8,36.1,1088,73.5,4.4,14829,146168,3376000000,50.2,44921.0,81.0,51,3.4,22.5,210.0
154,Küsnacht,2023,20.0,35.5,1091,73.6,5.4,15102,146168,3376000000,50.2,44921.0,81.0,63,4.2,21.2,210.0
155,Männedorf,2019,20.8,38.2,762,68.0,0.9,11317,85898,593000000,48.5,25972.0,79.0,43,3.8,5.0,197.0
155,Männedorf,2020,20.7,38.6,803,71.0,1.7,11389,86676,613000000,48.5,25972.0,79.0,65,5.7,15.1,197.0
155,Männedorf,2021,20.4,38.9,824,72.4,2.6,11366,88166,641000000,48.5,25972.0,79.0,56,4.9,18.8,197.0
155,Männedorf,2022,20.4,38.8,830,73.0,3.7,11424,86970,672000000,48.5,25972.0,79.0,50,4.4,28.6,197.0
155,Männedorf,2023,20.9,38.5,846,74.1,5.1,11662,86970,672000000,48.5,25972.0,79.0,40,3.5,32.3,197.0
156,Meilen,2019,20.8,37.4,990,69.8,1.0,14326,114667,1456000000,47.7,38359.0,74.0,72,5.1,5.4,170.0
156,Meilen,2020,20.3,37.6,1053,73.5,1.6,14525,113141,1457000000,47.7,38359.0,74.0,82,5.7,9.7,173.0
156,Meilen,2021,20.2,37.8,1087,74.8,2.6,14684,112864,1518000000,47.7,38359.0,74.0,86,5.9,16.3,173.0
156,Meilen,2022,19.7,38.1,1119,76.2,3.9,14744,112225,1548000000,47.7,38359.0,74.0,59,4.0,28.4,172.0
156,Meilen,2023,19.3,38.6,1117,75.8,5.0,14742,112225,1548000000,47.7,38359.0,74.0,58,3.9,25.7,172.0
157,Oetwil a.S.,2019,25.2,38.4,427,88.7,0.6,4844,59066,258000000,0.2,15156.0,89.0,21,4.4,3.8,206.0
157,Oetwil a.S.,2020,24.4,39.2,452,93.3,0.8,4848,58703,278000000,0.2,15156.0,89.0,21,4.3,6.7,209.0
157,Oetwil a.S.,2021,23.9,39.2,473,97.6,1.4,4943,56967,253000000,0.2,15156.0,89.0,26,5.4,15.8,211.0
157,Oetwil a.S.,2022,24.0,39.1,491,99.3,2.1,4945,56686,258000000,0.2,15156.0,89.0,29,5.9,17.5,214.0
157,Oetwil a.S.,2023,24.1,39.1,495,100.1,3.4,5075,56686,258000000,0.2,15156.0,89.0,31,6.3,29.1,214.0
158,Stäfa,2019,20.1,37.9,1123,77.6,1.0,14708,83909,777000000,61.1,41963.0,79.0,53,3.7,8.7,164.0
158,Stäfa,2020,20.2,37.8,1201,81.7,1.6,14782,85895,755000000,61.1,41963.0,79.0,95,6.5,10.3,165.0
158,Stäfa,2021,19.9,37.8,1207,81.7,2.6,14793,87588,832000000,61.1,41963.0,79.0,81,5.5,21.3,165.0
158,Stäfa,2022,19.8,37.5,1203,81.3,3.5,14887,85113,856000000,61.1,41963.0,79.0,54,3.7,22.7,165.0
158,Stäfa,2023,19.9,37.2,1235,83.0,4.6,15059,85113,856000000,61.1,41963.0,79.0,57,3.8,28.1,165.0
159,Uetikon a.S.,2019,20.0,39.0,493,80.1,1.1,6191,96802,824000000,35.5,14158.0,75.0,32,5.2,7.9,167.0
159,Uetikon a.S.,2020,20.7,38.7,541,87.4,1.6,6222,99257,827000000,35.5,14158.0,75.0,42,6.8,9.7,168.0
159,Uetikon a.S.,2021,20.4,38.9,555,89.2,2.5,6307,96888,830000000,35.5,14158.0,75.0,40,6.4,15.5,167.0
159,Uetikon a.S.,2022,20.3,39.0,556,88.2,3.4,6326,96231,863000000,35.5,14158.0,75.0,22,3.5,24.4,168.0
159,Uetikon a.S.,2023,20.4,38.5,559,88.4,5.0,6343,96231,863000000,35.5,14158.0,75.0,24,3.8,30.7,168.0
160,Zumikon,2019,17.5,36.2,362,68.7,1.4,5481,145226,2626000000,59.0,13804.0,76.0,21,4.0,6.9,247.0
160,Zumikon,2020,16.8,36.6,382,69.7,2.1,5573,138164,2546000000,59.0,13804.0,76.0,32,5.8,11.7,249.0
160,Zumikon,2021,16.7,36.5,399,71.6,3.1,5584,137359,2664000000,59.0,13804.0,76.0,25,4.5,18.2,249.0
160,Zumikon,2022,16.5,37.0,409,73.2,4.7,5623,134636,2715000000,59.0,13804.0,76.0,24,4.3,32.1,247.0
160,Zumikon,2023,17.0,37.0,418,74.3,6.3,5758,134636,2715000000,59.0,13804.0,76.0,25,4.4,25.0,247.0
161,Zollikon,2019,20.2,36.0,1049,80.7,1.2,13039,140882,2139000000,68.9,31994.0,71.0,72,5.5,5.8,221.0
161,Zollikon,2020,20.5,36.3,1108,85.0,1.8,13293,139859,2196000000,68.9,31994.0,71.0,69,5.3,9.9,205.0
161,Zollikon,2021,20.1,36.8,1148,86.4,2.6,13363,141880,2303000000,68.9,31994.0,71.0,72,5.4,15.7,206.0
161,Zollikon,2022,20.0,37.2,1157,86.6,3.9,13459,139587,2388000000,68.9,31994.0,71.0,81,6.1,22.8,207.0
161,Zollikon,2023,19.9,37.4,1156,85.9,4.9,13550,139587,2388000000,68.9,31994.0,71.0,69,5.1,24.4,207.0
172,Fehraltorf,2019,23.9,36.9,535,83.3,0.8,6480,69159,362000000,80.4,28058.0,89.0,28,4.4,3.0,221.0
172,Fehraltorf,2020,23.1,36.8,560,86.4,0.9,6573,67845,364000000,80.4,28058.0,89.0,29,4.5,5.3,224.0
172,Fehraltorf,2021,23.1,36.6,561,85.3,1.7,6667,69214,389000000,80.4,28058.0,89.0,33,5.0,16.4,225.0
172,Fehraltorf,2022,23.3,36.3,587,88.0,2.6,6793,66930,398000000,80.4,28058.0,89.0,32,4.8,18.3,209.0
172,Fehraltorf,2023,23.2,36.0,599,88.2,3.7,6848,66930,398000000,80.4,28058.0,89.0,32,4.7,29.3,209.0
173,Hittnau,2019,21.0,40.5,369,100.5,1.0,3656,67494,324000000,0.0,11686.0,92.0,12,3.3,1.7,258.0
173,Hittnau,2020,21.5,40.0,395,108.0,1.5,3728,71120,344000000,0.0,11686.0,92.0,19,5.2,6.9,263.0
173,Hittnau,2021,21.4,40.1,405,108.6,1.8,3770,68584,339000000,0.0,11686.0,92.0,18,4.8,12.9,263.0
173,Hittnau,2022,20.3,40.1,424,112.5,2.6,3753,68372,347000000,0.0,11686.0,92.0,16,4.2,21.0,261.0
173,Hittnau,2023,20.8,39.2,416,110.8,3.5,3897,68372,347000000,0.0,11686.0,92.0,20,5.3,25.0,261.0
176,Lindau,2019,22.8,38.7,559,100.0,1.0,5589,70372,375000000,6.4,27782.0,93.0,33,5.9,6.0,166.0
176,Lindau,2020,22.3,38.8,587,105.0,1.6,5577,71329,392000000,6.4,27782.0,93.0,29,5.2,10.9,166.0
176,Lindau,2021,22.5,38.4,606,108.7,2.5,5601,68552,393000000,6.4,27782.0,93.0,43,7.7,16.1,166.0
176,Lindau,2022,22.3,38.2,606,108.2,3.7,5717,67817,407000000,6.4,27782.0,93.0,21,3.7,26.2,166.0
176,Lindau,2023,22.3,38.2,630,110.2,5.0,5860,67817,407000000,6.4,27782.0,93.0,29,5.1,30.2,166.0
177,Pfäffikon,2019,24.4,35.8,877,73.7,0.7,12135,65527,376000000,47.7,40864.0,84.0,47,3.9,3.1,226.0
177,Pfäffikon,2020,24.4,35.8,912,75.2,1.1,12180,66549,392000000,47.7,40864.0,84.0,57,4.7,8.3,229.0
177,Pfäffikon,2021,24.3,35.5,910,74.7,1.8,12331,67250,406000000,47.7,40864.0,84.0,54,4.4,15.0,228.0
177,Pfäffikon,2022,24.0,35.6,905,73.4,2.8,12362,65839,408000000,47.7,40864.0,84.0,53,4.3,21.4,227.0
177,Pfäffikon,2023,23.8,35.2,924,74.7,3.9,12484,65839,408000000,47.7,40864.0,84.0,45,3.6,28.1,227.0
178,Russikon,2019,20.1,38.5,434,99.7,0.8,4387,75472,479000000,0.0,12298.0,92.0,15,3.4,4.2,234.0
178,Russikon,2020,19.0,38.1,443,101.0,1.1,4409,76092,490000000,0.0,12298.0,92.0,19,4.3,9.3,238.0
178,Russikon,2021,18.9,37.9,438,99.3,1.8,4462,76247,510000000,0.0,12298.0,92.0,24,5.4,11.2,237.0
178,Russikon,2022,19.4,37.8,450,100.9,3.0,4511,75815,547000000,0.0,12298.0,92.0,22,4.9,29.1,235.0
178,Russikon,2023,19.3,37.9,457,101.3,4.3,4565,75815,547000000,0.0,12298.0,92.0,26,5.8,33.3,235.0
180,Weisslingen,2019,19.6,38.7,347,102.5,1.2,3369,71968,488000000,0.0,9137.0,92.0,19,5.6,6.7,185.0
180,Weisslingen,2020,20.4,37.9,347,103.0,1.9,3370,71840,479000000,0.0,9137.0,92.0,10,3.0,15.0,186.0
180,Weisslingen,2021,21.4,36.9,371,110.1,2.5,3437,71594,482000000,0.0,9137.0,92.0,29,8.6,17.0,186.0
180,Weisslingen,2022,21.9,36.9,393,114.3,3.8,3435,71416,490000000,0.0,9137.0,92.0,19,5.5,28.2,186.0
180,Weisslingen,2023,21.4,37.0,387,112.7,4.9,3458,71416,490000000,0.0,9137.0,92.0,18,5.2,32.5,186.0
181,Wila,2019,23.1,37.9,191,96.9,1.0,1978,56038,304000000,78.0,6050.0,90.0,8,4.1,7.1,283.0
181,Wila,2020,22.3,38.1,206,104.1,1.3,1996,57439,296000000,78.0,6050.0,90.0,6,3.0,7.0,287.0
181,Wila,2021,21.2,38.0,193,96.7,2.3,2016,57965,307000000,78.0,6050.0,90.0,13,6.5,23.1,281.0
181,Wila,2022,21.9,37.5,211,104.7,3.3,2044,56555,308000000,78.0,6050.0,90.0,13,6.4,22.5,279.0
181,Wila,2023,21.4,36.7,223,109.1,3.9,2079,56555,308000000,78.0,6050.0,90.0,14,6.8,25.0,279.0
182,Wildberg,2019,18.9,40.9,109,108.8,0.8,982,65308,342000000,0.0,3547.0,93.0,6,6.0,0.0,278.0
182,Wildberg,2020,19.8,39.9,123,125.3,0.8,1009,65463,331000000,0.0,3547.0,93.0,9,9.2,8.7,277.0
182,Wildberg,2021,19.2,39.5,125,123.9,0.9,1020,68782,348000000,0.0,3547.0,93.0,10,9.9,4.5,276.0
182,Wildberg,2022,19.6,38.5,123,120.6,1.7,1028,68669,374000000,0.0,3547.0,93.0,5,4.9,28.6,275.0
182,Wildberg,2023,19.4,39.1,125,121.6,1.7,1025,68669,374000000,0.0,3547.0,93.0,10,9.7,10.0,275.0
191,Dübendorf,2019,30.9,34.3,1967,68.8,0.8,29228,61106,251000000,73.0,100504.0,82.0,130,4.5,3.2,162.0
191,Dübendorf,2020,31.3,34.3,2108,72.1,1.2,29854,62570,250000000,73.0,100504.0,82.0,146,5.0,7.8,163.0
191,Dübendorf,2021,32.0,34.2,2158,72.3,2.0,30492,63047,257000000,73.0,100504.0,82.0,161,5.4,14.9,163.0
191,Dübendorf,2022,31.6,34.4,2160,70.8,2.8,30723,62169,266000000,73.0,100504.0,82.0,130,4.3,18.1,162.0
191,Dübendorf,2023,32.2,34.1,2258,73.5,4.0,31440,62169,266000000,73.0,100504.0,82.0,134,4.4,22.9,162.0
192,Egg,2019,21.3,37.4,742,86.5,0.9,8786,78082,547000000,17.4,22403.0,83.0,42,4.9,4.2,282.0
192,Egg,2020,20.9,37.6,800,91.1,1.3,8820,78975,561000000,17.4,22403.0,83.0,57,6.5,6.8,284.0
192,Egg,2021,20.1,37.9,807,91.5,2.2,8827,78538,577000000,17.4,22403.0,83.0,53,6.0,14.6,282.0
192,Egg,2022,19.5,37.9,810,91.8,3.0,8765,77837,611000000,17.4,22403.0,83.0,45,5.1,22.0,281.0
192,Egg,2023,19.3,37.9,797,90.9,3.9,8812,77837,611000000,17.4,22403.0,83.0,48,5.5,21.5,281.0
193,Fällanden,2019,23.5,35.6,791,91.4,0.7,8678,75140,416000000,0.0,23308.0,86.0,47,5.4,2.9,161.0
193,Fällanden,2020,23.3,35.5,850,97.9,1.4,8918,74981,421000000,0.0,23308.0,86.0,60,6.9,7.8,167.0
193,Fällanden,2021,23.7,35.1,890,99.8,2.1,9330,73967,444000000,0.0,23308.0,86.0,70,7.8,13.9,170.0
193,Fällanden,2022,23.7,35.1,898,96.2,3.0,9447,73452,462000000,0.0,23308.0,86.0,50,5.4,21.2,172.0
193,Fällanden,2023,23.2,35.7,923,97.7,4.5,9553,73452,462000000,0.0,23308.0,86.0,49,5.2,30.0,172.0
194,Greifensee,2019,23.4,33.3,335,62.6,0.8,5379,68472,462000000,75.9,12068.0,67.0,20,3.7,6.6,206.0
194,Greifensee,2020,22.5,33.8,339,63.0,1.1,5302,69102,528000000,75.9,12068.0,67.0,28,5.2,5.2,208.0
194,Greifensee,2021,22.3,33.7,363,68.5,1.6,5346,70754,531000000,75.9,12068.0,67.0,26,4.9,11.2,207.0
194,Greifensee,2022,22.0,34.0,356,66.6,2.2,5319,73092,534000000,75.9,12068.0,67.0,19,3.6,22.5,207.0
194,Greifensee,2023,22.0,34.3,353,66.4,3.3,5384,73092,534000000,75.9,12068.0,67.0,14,2.6,26.1,207.0
195,Maur,2019,19.6,39.2,1060,103.9,1.3,10462,91448,891000000,23.2,28782.0,88.0,57,5.6,8.2,229.0
195,Maur,2020,20.1,39.4,1153,110.2,1.9,10778,92668,861000000,23.2,28782.0,88.0,84,8.0,9.8,231.0
195,Maur,2021,19.6,39.3,1184,109.9,2.9,10813,93451,886000000,23.2,28782.0,88.0,93,8.6,19.6,231.0
195,Maur,2022,19.2,39.8,1214,112.3,4.3,10744,88661,922000000,23.2,28782.0,88.0,68,6.3,25.7,232.0
195,Maur,2023,19.0,39.8,1234,114.9,5.8,10901,88661,922000000,23.2,28782.0,88.0,83,7.7,32.3,232.0
196,Mönchaltorf,2019,22.1,33.7,309,82.3,1.1,3887,63941,368000000,0.0,16557.0,94.0,36,9.6,6.9,254.0
196,Mönchaltorf,2020,22.8,33.7,325,83.6,1.4,4078,65389,351000000,0.0,16557.0,94.0,36,9.3,5.8,253.0
196,Mönchaltorf,2021,22.5,33.7,339,83.1,2.0,4115,63083,359000000,0.0,16557.0,94.0,45,11.0,12.3,252.0
196,Mönchaltorf,2022,21.6,34.1,358,87.0,2.9,4113,62948,372000000,0.0,16557.0,94.0,38,9.2,20.7,252.0
196,Mönchaltorf,2023,21.6,34.8,361,87.8,3.9,4235,62948,372000000,0.0,16557.0,94.0,37,9.0,24.4,252.0
197,Schwerzenbach,2019,27.0,35.0,330,64.6,0.7,5168,65115,334000000,66.1,13571.0,70.0,18,3.5,4.8,308.0
197,Schwerzenbach,2020,26.8,35.0,351,67.9,0.8,5183,64848,340000000,66.1,13571.0,70.0,17,3.3,5.3,310.0
197,Schwerzenbach,2021,26.3,34.7,353,68.1,1.4,5125,66051,364000000,66.1,13571.0,70.0,24,4.6,12.0,310.0
197,Schwerzenbach,2022,26.1,35.0,351,68.5,2.9,5130,65178,368000000,66.1,13571.0,70.0,23,4.5,28.0,309.0
197,Schwerzenbach,2023,26.2,35.2,339,66.1,3.7,5164,65178,368000000,66.1,13571.0,70.0,12,2.3,28.4,309.0
198,Uster,2019,26.7,35.2,2152,62.1,0.9,34986,65299,343000000,30.6,105689.0,81.0,118,3.4,5.4,166.0
198,Uster,2020,26.5,35.5,2324,66.4,1.2,35295,65782,358000000,30.6,105689.0,81.0,154,4.4,7.5,169.0
198,Uster,2021,26.2,35.5,2420,68.6,1.9,35508,66867,370000000,30.6,105689.0,81.0,166,4.7,14.1,170.0
198,Uster,2022,25.9,35.6,2368,66.7,2.8,35723,66359,387000000,30.6,105689.0,81.0,127,3.6,19.3,170.0
198,Uster,2023,25.8,35.8,2426,67.9,3.9,36279,66359,387000000,30.6,105689.0,81.0,128,3.6,26.3,170.0
199,Volketswil,2019,24.7,37.0,1501,80.7,0.8,18623,66968,327000000,13.1,103472.0,91.0,76,4.1,4.5,212.0
199,Volketswil,2020,24.5,37.1,1540,82.7,1.1,18851,67877,325000000,13.1,103472.0,91.0,114,6.1,4.9,213.0
199,Volketswil,2021,24.4,36.8,1571,83.3,1.7,19107,67964,334000000,13.1,103472.0,91.0,109,5.8,10.7,212.0
199,Volketswil,2022,24.7,36.9,1553,81.3,2.7,19420,66931,343000000,13.1,103472.0,91.0,74,3.9,18.4,212.0
199,Volketswil,2023,24.8,36.8,1556,80.1,3.6,19717,66931,343000000,13.1,103472.0,91.0,89,4.6,23.1,212.0
200,Wangen-Brüttisellen,2019,26.2,37.8,736,93.0,0.6,7966,71307,365000000,20.3,27476.0,89.0,51,6.4,2.7,199.0
200,Wangen-Brüttisellen,2020,26.0,37.3,753,94.5,1.1,7990,70749,411000000,20.3,27476.0,89.0,54,6.8,7.2,195.0
200,Wangen-Brüttisellen,2021,25.6,37.5,751,94.0,1.6,7955,72607,412000000,20.3,27476.0,89.0,56,7.0,9.1,195.0
200,Wangen-Brüttisellen,2022,25.7,37.1,749,94.2,2.7,8075,71921,421000000,20.3,27476.0,89.0,42,5.3,19.9,194.0
200,Wangen-Brüttisellen,2023,25.5,37.1,761,94.2,4.0,8192,71921,421000000,20.3,27476.0,89.0,34,4.2,23.9,194.0
211,Altikon,2019,19.8,38.7,86,122.0,0.9,698,60915,301000000,0.0,1956.0,93.0,2,2.8,8.3,303.0
211,Altikon,2020,21.7,36.3,83,118.9,1.1,702,60741,322000000,0.0,1956.0,93.0,4,5.7,4.2,310.0
211,Altikon,2021,21.6,36.5,96,136.8,1.7,709,61364,324000000,0.0,1956.0,93.0,6,8.5,21.1,310.0
211,Altikon,2022,22.4,35.8,99,139.6,1.9,729,59442,319000000,0.0,1956.0,93.0,2,2.8,15.4,307.0
211,Altikon,2023,21.9,35.4,108,148.1,3.4,754,59442,319000000,0.0,1956.0,93.0,5,6.9,35.3,307.0
213,Brütten,2019,20.6,39.2,193,96.1,1.2,2068,82711,620000000,0.0,5585.0,89.0,4,2.0,5.3,237.0
213,Brütten,2020,21.1,38.8,207,100.1,1.8,2063,82293,649000000,0.0,5585.0,89.0,8,3.9,10.9,236.0
213,Brütten,2021,21.3,38.4,218,105.7,3.1,2096,82227,668000000,0.0,5585.0,89.0,14,6.8,19.0,232.0
213,Brütten,2022,21.4,37.8,220,105.0,4.2,2160,84294,716000000,0.0,5585.0,89.0,15,7.2,22.6,229.0
213,Brütten,2023,21.4,37.9,220,101.9,5.5,2182,84294,716000000,0.0,5585.0,89.0,13,6.0,34.5,229.0
214,Dägerlen,2019,22.1,40.2,115,113.2,1.5,1037,64432,332000000,0.0,2676.0,90.0,7,6.9,10.7,229.0
214,Dägerlen,2020,22.4,39.9,120,115.7,2.8,1038,65937,335000000,0.0,2676.0,90.0,6,5.8,21.4,232.0
214,Dägerlen,2021,20.6,41.7,132,127.2,3.0,1058,65247,325000000,0.0,2676.0,90.0,6,5.8,17.6,228.0
214,Dägerlen,2022,21.4,41.1,133,125.7,4.5,1093,62402,346000000,0.0,2676.0,90.0,7,6.6,36.4,220.0
214,Dägerlen,2023,22.7,39.2,131,119.9,6.0,1126,62402,346000000,0.0,2676.0,90.0,0,0.0,41.2,220.0
215,Dättlikon,2019,18.8,39.1,63,79.7,1.1,777,85163,831000000,0.0,1992.0,91.0,1,1.3,4.0,173.0
215,Dättlikon,2020,17.4,40.7,66,84.9,1.7,799,82274,789000000,0.0,1992.0,91.0,4,5.1,11.8,187.0
215,Dättlikon,2021,15.1,41.6,70,87.6,2.8,793,81266,798000000,0.0,1992.0,91.0,1,1.3,17.9,182.0
215,Dättlikon,2022,17.0,39.8,65,82.0,3.0,829,80925,825000000,0.0,1992.0,91.0,3,3.8,20.0,180.0
215,Dättlikon,2023,16.4,41.3,56,67.6,3.9,842,80925,825000000,0.0,1992.0,91.0,2,2.4,28.6,180.0
216,Dinhard,2019,23.9,34.9,186,112.5,0.5,1686,71262,480000000,31.1,4911.0,91.0,7,4.2,0.0,259.0
216,Dinhard,2020,23.9,34.6,196,116.3,1.2,1740,74806,519000000,31.1,4911.0,91.0,15,8.9,19.4,256.0
216,Dinhard,2021,22.4,35.5,194,111.5,2.4,1730,72955,558000000,31.1,4911.0,91.0,9,5.2,25.0,260.0
216,Dinhard,2022,21.8,35.4,200,115.6,3.3,1730,72058,555000000,31.1,4911.0,91.0,3,1.7,20.0,258.0
216,Dinhard,2023,20.3,36.3,210,121.4,4.2,1737,72058,555000000,31.1,4911.0,91.0,5,2.9,19.5,258.0
218,Ellikon a.d.Th.,2019,21.0,39.6,122,135.1,1.5,901,66234,335000000,0.0,4008.0,94.0,7,7.8,9.1,331.0
218,Ellikon a.d.Th.,2020,20.9,40.6,127,141.0,1.8,935,69748,353000000,0.0,4008.0,94.0,8,8.9,12.5,336.0
218,Ellikon a.d.Th.,2021,25.0,39.6,140,149.7,2.3,1044,65323,298000000,0.0,4008.0,94.0,6,6.4,12.9,334.0
218,Ellikon a.d.Th.,2022,23.1,40.0,144,137.9,3.1,1035,67079,309000000,0.0,4008.0,94.0,4,3.8,5.9,332.0
218,Ellikon a.d.Th.,2023,22.9,39.5,135,130.4,4.8,1024,67079,309000000,0.0,4008.0,94.0,4,3.9,38.9,332.0
219,Elsau,2019,23.0,36.4,303,82.9,0.7,3645,63731,341000000,55.9,11699.0,85.0,13,3.6,6.4,208.0
219,Elsau,2020,23.0,36.2,304,83.4,0.8,3654,61550,336000000,55.9,11699.0,85.0,11,3.0,1.3,210.0
219,Elsau,2021,22.4,36.1,323,88.4,1.4,3692,63031,352000000,55.9,11699.0,85.0,14,3.8,14.7,211.0
219,Elsau,2022,22.1,36.2,346,93.7,2.3,3699,62758,369000000,55.9,11699.0,85.0,16,4.3,23.2,209.0
219,Elsau,2023,21.7,36.6,337,91.1,3.1,3757,62758,369000000,55.9,11699.0,85.0,16,4.3,27.6,209.0
220,Hagenbuch,2019,24.3,40.6,136,125.6,1.2,1079,62081,277000000,0.0,3245.0,92.0,4,3.7,2.9,500.0
220,Hagenbuch,2020,23.8,39.9,143,132.5,1.3,1095,61404,283000000,0.0,3245.0,92.0,4,3.7,7.1,493.0
220,Hagenbuch,2021,23.8,38.3,145,132.4,1.6,1124,60457,288000000,0.0,3245.0,92.0,11,10.0,15.4,503.0
220,Hagenbuch,2022,23.4,37.8,152,135.2,2.0,1146,60314,300000000,0.0,3245.0,92.0,11,9.8,23.1,515.0
220,Hagenbuch,2023,23.1,38.2,150,130.9,2.3,1163,60314,300000000,0.0,3245.0,92.0,4,3.5,4.8,515.0
221,Hettlingen,2019,20.0,39.1,252,80.1,1.6,3167,82785,604000000,3.8,9186.0,87.0,12,3.8,6.3,216.0
221,Hettlingen,2020,19.2,39.6,255,80.5,2.2,3099,81554,635000000,3.8,9186.0,87.0,16,5.1,12.9,218.0
221,Hettlingen,2021,20.0,38.7,253,81.6,3.1,3124,81495,667000000,3.8,9186.0,87.0,25,8.1,23.9,217.0
221,Hettlingen,2022,20.5,38.3,243,77.8,4.4,3112,80074,675000000,3.8,9186.0,87.0,15,4.8,37.5,218.0
221,Hettlingen,2023,20.6,38.4,249,80.0,6.4,3219,80074,675000000,3.8,9186.0,87.0,11,3.5,38.6,218.0
223,Neftenbach,2019,21.1,39.3,665,117.2,0.8,5719,76012,489000000,0.5,18918.0,91.0,28,4.9,2.3,215.0
223,Neftenbach,2020,20.8,39.1,682,119.3,1.1,5753,72864,487000000,0.5,18918.0,91.0,34,5.9,7.7,219.0
223,Neftenbach,2021,20.9,38.9,678,117.9,1.9,5797,73877,486000000,0.5,18918.0,91.0,37,6.4,17.1,220.0
223,Neftenbach,2022,20.5,38.8,659,113.7,2.9,5752,74646,508000000,0.5,18918.0,91.0,25,4.3,22.0,219.0
223,Neftenbach,2023,19.9,38.3,630,109.5,4.2,5758,74646,508000000,0.5,18918.0,91.0,22,3.8,28.8,219.0
224,Pfungen,2019,27.1,37.4,265,68.9,0.7,3895,55716,225000000,70.9,9856.0,82.0,15,3.9,4.2,335.0
224,Pfungen,2020,26.8,37.3,287,73.7,1.1,3945,55605,223000000,70.9,9856.0,82.0,9,2.3,4.8,339.0
224,Pfungen,2021,26.7,37.7,274,69.5,1.4,3987,56649,235000000,70.9,9856.0,82.0,19,4.8,9.5,339.0
224,Pfungen,2022,26.5,37.8,290,72.7,2.3,4051,57264,239000000,70.9,9856.0,82.0,17,4.3,23.2,336.0
224,Pfungen,2023,26.4,37.8,301,74.3,3.1,4124,57264,239000000,70.9,9856.0,82.0,15,3.7,20.4,336.0
225,Rickenbach,2019,22.5,35.3,286,105.8,0.5,2743,59802,348000000,39.9,7647.0,88.0,13,4.8,1.3,211.0
225,Rickenbach,2020,22.9,35.1,303,110.5,1.0,2799,60206,346000000,39.9,7647.0,88.0,20,7.3,13.0,209.0
225,Rickenbach,2021,21.8,35.5,299,106.8,1.8,2783,63148,350000000,39.9,7647.0,88.0,22,7.9,21.1,208.0
225,Rickenbach,2022,20.8,35.8,299,107.4,2.9,2770,62386,407000000,39.9,7647.0,88.0,20,7.2,25.5,208.0
225,Rickenbach,2023,21.1,35.8,300,108.3,3.6,2812,62386,407000000,39.9,7647.0,88.0,13,4.7,25.9,208.0
226,Schlatt,2019,20.4,36.2,96,125.8,1.2,785,58219,346000000,0.0,2357.0,91.0,5,6.6,0.0,264.0
226,Schlatt,2020,18.1,37.1,104,132.5,1.6,778,60127,353000000,0.0,2357.0,91.0,3,3.8,6.3,264.0
226,Schlatt,2021,16.3,38.6,106,136.2,1.8,766,60384,367000000,0.0,2357.0,91.0,3,3.9,9.1,262.0
226,Schlatt,2022,16.2,38.9,109,142.3,3.3,759,59038,361000000,0.0,2357.0,91.0,7,9.1,31.3,260.0
226,Schlatt,2023,17.8,38.1,112,147.6,4.1,775,59038,361000000,0.0,2357.0,91.0,5,6.6,36.4,260.0
227,Seuzach,2019,23.6,34.8,674,92.1,0.7,7427,75019,485000000,50.8,24977.0,86.0,34,4.6,2.9,222.0
227,Seuzach,2020,23.1,35.1,686,92.4,1.2,7422,77736,498000000,50.8,24977.0,86.0,25,3.4,8.2,222.0
227,Seuzach,2021,22.9,34.7,707,95.3,1.9,7627,76322,519000000,50.8,24977.0,86.0,45,6.1,13.3,220.0
227,Seuzach,2022,22.3,34.7,714,93.6,2.5,7691,74855,556000000,50.8,24977.0,86.0,48,6.3,14.7,219.0
227,Seuzach,2023,21.9,34.4,709,92.2,3.4,7846,74855,556000000,50.8,24977.0,86.0,23,3.0,24.4,219.0
228,Turbenthal,2019,24.1,36.0,366,74.8,0.6,4891,52356,279000000,48.2,12982.0,90.0,15,3.1,4.3,242.0
228,Turbenthal,2020,24.0,35.4,382,78.1,0.8,4989,53990,277000000,48.2,12982.0,90.0,28,5.7,5.8,245.0
228,Turbenthal,2021,23.7,34.8,400,80.2,1.2,5051,54022,286000000,48.2,12982.0,90.0,22,4.4,8.8,245.0
228,Turbenthal,2022,23.6,34.6,404,80.0,1.9,5041,53572,268000000,48.2,12982.0,90.0,18,3.6,23.7,244.0
228,Turbenthal,2023,23.0,35.1,396,78.6,3.4,5177,53572,268000000,48.2,12982.0,90.0,19,3.8,37.9,244.0
230,Winterthur,2019,31.7,32.1,6362,57.0,0.8,112911,55969,276000000,51.4,306938.0,71.0,363,3.3,5.1,179.0
230,Winterthur,2020,31.5,32.2,6717,59.5,1.2,114087,56666,278000000,51.4,306938.0,71.0,395,3.5,8.9,180.0
230,Winterthur,2021,31.1,32.3,6778,59.4,1.8,114963,55973,282000000,51.4,306938.0,71.0,398,3.5,13.7,180.0
230,Winterthur,2022,31.1,32.4,6692,58.2,2.7,116610,55950,290000000,51.4,306938.0,71.0,330,2.9,21.2,179.0
230,Winterthur,2023,30.9,32.5,6626,56.8,3.7,118989,55950,290000000,51.4,306938.0,71.0,320,2.7,23.7,179.0
231,Zell,2019,24.5,35.8,511,84.9,0.6,6295,55764,242000000,16.9,14703.0,85.0,30,5.0,6.0,393.0
231,Zell,2020,24.2,35.9,575,91.3,0.8,6422,55520,235000000,16.9,14703.0,85.0,38,6.0,5.2,394.0
231,Zell,2021,24.2,35.9,587,91.4,1.1,6440,54493,244000000,16.9,14703.0,85.0,40,6.2,8.2,393.0
231,Zell,2022,24.0,36.1,599,93.0,1.7,6487,53910,257000000,16.9,14703.0,85.0,29,4.5,17.2,391.0
231,Zell,2023,24.5,36.2,638,98.4,2.5,6712,53910,257000000,16.9,14703.0,85.0,31,4.8,27.4,391.0
241,Aesch ZH,2019,26.5,34.6,170,109.3,1.2,1661,95163,611000000,0.0,4936.0,88.0,11,7.1,6.5,257.0
241,Aesch ZH,2020,25.4,35.0,183,110.2,1.8,1707,90008,645000000,0.0,4936.0,88.0,11,6.6,7.2,258.0
241,Aesch ZH,2021,24.5,35.4,182,106.6,4.0,1692,88057,576000000,0.0,4936.0,88.0,8,4.7,22.7,257.0
241,Aesch ZH,2022,23.9,35.6,195,115.2,5.5,1662,91213,664000000,0.0,4936.0,88.0,7,4.1,31.0,257.0
241,Aesch ZH,2023,22.1,37.6,191,114.9,7.9,1696,91213,664000000,0.0,4936.0,88.0,11,6.6,29.7,257.0
242,Birmensdorf,2019,25.5,34.4,567,87.3,0.8,6714,73849,368000000,61.0,16924.0,77.0,37,5.7,5.3,206.0
242,Birmensdorf,2020,24.9,34.5,597,88.9,1.1,6893,74033,399000000,61.0,16924.0,77.0,38,5.7,5.2,205.0
242,Birmensdorf,2021,25.1,34.1,613,88.9,1.9,6934,73146,400000000,61.0,16924.0,77.0,46,6.7,12.2,208.0
242,Birmensdorf,2022,24.9,34.0,625,90.1,2.9,7043,70107,392000000,61.0,16924.0,77.0,31,4.5,20.3,207.0
242,Birmensdorf,2023,25.2,34.0,666,94.6,4.5,7242,70107,392000000,61.0,16924.0,77.0,37,5.3,27.9,207.0
243,Dietikon,2019,32.9,31.5,1358,50.0,0.5,27661,50382,181000000,74.7,94042.0,85.0,105,3.9,2.2,138.0
243,Dietikon,2020,33.0,31.7,1493,54.0,0.8,28028,51149,180000000,74.7,94042.0,85.0,125,4.5,7.0,137.0
243,Dietikon,2021,32.6,31.8,1555,55.5,1.2,28031,51384,186000000,74.7,94042.0,85.0,143,5.1,8.8,138.0
243,Dietikon,2022,32.6,31.9,1559,55.6,1.8,28087,50557,187000000,74.7,94042.0,85.0,112,4.0,14.3,150.0
243,Dietikon,2023,32.3,32.1,1567,55.8,2.6,28092,50557,187000000,74.7,94042.0,85.0,99,3.5,20.5,150.0
244,Geroldswil,2019,23.4,34.8,373,75.5,1.0,4928,72762,459000000,0.0,19377.0,85.0,22,4.5,5.6,206.0
244,Geroldswil,2020,24.0,34.1,421,85.4,1.3,5046,72031,445000000,0.0,19377.0,85.0,32,6.5,6.6,207.0
244,Geroldswil,2021,23.8,33.8,432,85.6,1.9,5153,69493,455000000,0.0,19377.0,85.0,33,6.5,12.8,207.0
244,Geroldswil,2022,23.7,34.2,444,86.2,2.9,5248,69944,469000000,0.0,19377.0,85.0,23,4.5,21.0,206.0
244,Geroldswil,2023,23.1,33.9,469,89.4,3.9,5242,69944,469000000,0.0,19377.0,85.0,41,7.8,23.5,206.0
245,Oberengstringen,2019,27.3,34.8,494,75.2,0.6,6739,64531,367000000,0.0,22914.0,85.0,31,4.7,3.8,196.0
245,Oberengstringen,2020,27.1,35.0,507,75.2,0.6,6724,63776,357000000,0.0,22914.0,85.0,24,3.6,4.6,198.0
245,Oberengstringen,2021,27.3,34.9,526,78.2,1.1,6799,63624,357000000,0.0,22914.0,85.0,33,4.9,6.4,199.0
245,Oberengstringen,2022,27.7,35.0,545,80.2,1.9,6831,62166,381000000,0.0,22914.0,85.0,24,3.5,15.8,200.0
245,Oberengstringen,2023,27.1,35.6,547,80.1,2.3,6798,62166,381000000,0.0,22914.0,85.0,24,3.5,15.6,200.0
246,Oetwil a.d.L.,2019,21.9,40.2,253,99.3,1.1,2518,77409,570000000,0.0,7899.0,93.0,20,7.9,4.4,188.0
246,Oetwil a.d.L.,2020,22.0,39.9,266,105.6,1.4,2529,78738,571000000,0.0,7899.0,93.0,21,8.3,4.4,192.0
246,Oetwil a.d.L.,2021,21.6,40.1,286,113.1,1.9,2555,81933,580000000,0.0,7899.0,93.0,24,9.5,7.5,192.0
246,Oetwil a.d.L.,2022,20.9,40.5,297,116.2,2.6,2564,80751,611000000,0.0,7899.0,93.0,19,7.4,12.7,145.0
246,Oetwil a.d.L.,2023,20.0,40.9,317,123.6,4.4,2585,80751,611000000,0.0,7899.0,93.0,17,6.6,28.9,145.0
247,Schlieren,2019,34.3,33.1,1045,56.0,0.7,18754,53812,162000000,76.6,84669.0,78.0,67,3.6,2.5,161.0
247,Schlieren,2020,36.1,32.2,1220,65.1,1.2,19872,53715,166000000,76.6,84669.0,78.0,101,5.4,7.0,157.0
247,Schlieren,2021,35.9,32.4,1224,61.6,2.2,19903,53376,163000000,76.6,84669.0,78.0,80,4.0,13.5,158.0
247,Schlieren,2022,36.3,32.6,1300,65.3,2.9,20320,53319,163000000,76.6,84669.0,78.0,80,4.0,14.7,156.0
247,Schlieren,2023,35.8,32.9,1303,64.1,3.9,20508,53319,163000000,76.6,84669.0,78.0,81,4.0,18.7,156.0
248,Uitikon,2019,20.5,37.8,512,118.2,1.3,4663,130722,1501000000,44.4,11054.0,81.0,25,5.8,7.0,153.0
248,Uitikon,2020,20.5,37.6,544,116.7,1.9,4799,127185,1446000000,44.4,11054.0,81.0,34,7.3,5.0,151.0
248,Uitikon,2021,21.1,37.0,581,121.1,3.1,5024,128739,1514000000,44.4,11054.0,81.0,36,7.5,18.0,149.0
248,Uitikon,2022,20.8,37.0,577,114.8,4.3,5096,131465,1528000000,44.4,11054.0,81.0,43,8.6,19.9,146.0
248,Uitikon,2023,22.5,36.0,620,121.7,6.3,5491,131465,1528000000,44.4,11054.0,81.0,41,8.0,29.1,146.0
249,Unterengstringen,2019,23.7,36.8,353,91.0,1.3,3924,80651,524000000,0.1,9755.0,88.0,20,5.2,5.1,209.0
249,Unterengstringen,2020,23.6,36.9,383,97.6,1.5,3982,76827,511000000,0.1,9755.0,88.0,31,7.9,5.3,211.0
249,Unterengstringen,2021,23.9,36.4,396,99.4,2.1,4103,77984,541000000,0.1,9755.0,88.0,28,7.0,9.8,211.0
249,Unterengstringen,2022,24.0,35.9,403,98.2,2.8,4113,75769,536000000,0.1,9755.0,88.0,19,4.6,19.8,213.0
249,Unterengstringen,2023,24.1,35.7,403,98.0,3.4,4298,75769,536000000,0.1,9755.0,88.0,18,4.4,14.6,213.0
250,Urdorf,2019,25.4,34.6,698,71.0,1.0,9975,63332,313000000,56.3,41867.0,83.0,37,3.8,5.7,184.0
250,Urdorf,2020,25.3,34.7,773,77.5,1.5,10009,63465,308000000,56.3,41867.0,83.0,40,4.0,9.3,184.0
250,Urdorf,2021,25.2,34.6,781,78.0,2.1,10211,62646,317000000,56.3,41867.0,83.0,57,5.7,13.9,183.0
250,Urdorf,2022,25.1,34.6,778,76.2,2.9,10327,61915,323000000,56.3,41867.0,83.0,48,4.7,22.5,191.0
250,Urdorf,2023,24.8,34.7,760,73.6,3.3,10390,61915,323000000,56.3,41867.0,83.0,31,3.0,13.5,191.0
251,Weiningen,2019,26.9,36.0,397,82.4,1.0,4800,70709,396000000,15.7,16246.0,90.0,28,5.8,6.5,185.0
251,Weiningen,2020,26.5,36.5,412,85.8,1.4,4857,69362,411000000,15.7,16246.0,90.0,32,6.7,9.2,187.0
251,Weiningen,2021,26.2,36.3,426,87.7,2.2,4862,68652,415000000,15.7,16246.0,90.0,26,5.4,14.0,187.0
251,Weiningen,2022,26.3,36.1,416,85.6,3.9,4877,67447,440000000,15.7,16246.0,90.0,23,4.7,30.8,186.0
251,Weiningen,2023,26.9,35.5,461,94.5,5.1,5059,67447,440000000,15.7,16246.0,90.0,16,3.3,31.1,186.0
261,Zürich,2019,35.6,32.1,23581,57.0,1.1,419012,63622,358000000,50.5,940965.0,49.0,1475,3.6,6.3,151.0
261,Zürich,2020,35.3,32.5,25020,59.7,1.5,420891,64779,372000000,50.5,940965.0,49.0,1832,4.4,9.3,152.0
261,Zürich,2021,35.1,32.6,25512,60.6,2.2,422204,64871,381000000,50.5,940965.0,49.0,1765,4.2,13.1,152.0
261,Zürich,2022,35.3,32.7,25350,60.0,3.2,426890,64619,398000000,50.5,940965.0,49.0,1473,3.5,20.8,152.0
261,Zürich,2023,35.2,32.8,25636,60.1,4.5,432552,64619,398000000,50.5,940965.0,49.0,1436,3.4,25.6,152.0
291,Andelfingen,2019,22.4,35.2,322,94.7,1.1,3417,67819,497000000,31.5,-1.0,-1.0,10,2.9,3.9,-1.0
291,Andelfingen,2020,21.0,36.2,322,94.2,1.4,3400,68001,476000000,31.5,-1.0,-1.0,15,4.4,11.9,-1.0
291,Andelfingen,2021,21.3,35.8,319,93.8,2.3,3429,68067,480000000,31.5,-1.0,-1.0,17,5.0,21.6,-1.0
291,Andelfingen,2022,20.6,36.3,329,95.9,3.1,3428,67084,492000000,31.5,-1.0,-1.0,14,4.1,22.5,-1.0
291,Andelfingen,2023,21.3,36.0,344,100.4,3.9,3570,67084,492000000,31.5,-1.0,-1.0,15,4.4,29.6,-1.0
292,Stammheim,2019,21.4,36.4,291,106.2,1.2,2785,62083,415000000,43.9,11031.0,93.0,14,5.1,7.5,484.0
292,Stammheim,2020,21.2,35.8,298,107.0,1.3,2858,60979,408000000,43.9,11031.0,93.0,15,5.4,9.1,477.0
292,Stammheim,2021,20.1,35.7,310,108.5,1.8,2851,62869,444000000,43.9,11031.0,93.0,15,5.2,18.4,479.0
292,Stammheim,2022,20.3,35.2,304,106.6,2.8,2873,62299,466000000,43.9,11031.0,93.0,17,6.0,30.3,480.0
292,Stammheim,2023,19.3,35.1,317,110.3,3.3,2898,62299,466000000,43.9,11031.0,93.0,17,5.9,31.0,480.0
293,Wädenswil,2019,23.8,36.1,1614,66.4,0.8,24569,70124,415000000,29.8,74608.0,88.0,104,4.3,4.4,161.0
293,Wädenswil,2020,23.8,36.0,1721,70.0,1.1,24808,71043,429000000,29.8,74608.0,88.0,127,5.2,8.2,163.0
293,Wädenswil,2021,23.6,36.1,1751,70.6,2.0,24931,71381,434000000,29.8,74608.0,88.0,117,4.7,14.9,164.0
293,Wädenswil,2022,23.5,36.0,1737,69.7,3.0,25160,70172,436000000,29.8,74608.0,88.0,111,4.5,20.7,164.0
293,Wädenswil,2023,23.5,35.8,1776,70.6,4.3,25727,70172,436000000,29.8,74608.0,88.0,88,3.5,24.5,164.0
294,Elgg,2019,24.9,35.7,405,82.7,1.0,4935,63151,355000000,36.7,13697.0,88.0,24,4.9,8.4,337.0
294,Elgg,2020,24.2,35.8,433,87.7,1.2,4951,61372,359000000,36.7,13697.0,88.0,35,7.1,15.3,341.0
294,Elgg,2021,24.3,35.7,455,91.9,1.9,5014,61799,361000000,36.7,13697.0,88.0,44,8.9,13.7,341.0
294,Elgg,2022,23.8,35.9,435,86.8,2.8,5069,60924,375000000,36.7,13697.0,88.0,43,8.6,22.8,342.0
294,Elgg,2023,23.8,35.6,439,86.6,3.4,5111,60924,375000000,36.7,13697.0,88.0,37,7.3,23.5,342.0
295,Horgen,2019,24.5,35.9,1741,77.0,0.9,22979,75524,438000000,30.5,65015.0,81.0,113,5.0,5.3,155.0
295,Horgen,2020,24.3,36.2,1789,77.9,1.5,23073,78627,450000000,30.5,65015.0,81.0,97,4.2,10.3,160.0
295,Horgen,2021,24.1,36.2,1825,79.1,2.4,23288,78048,458000000,30.5,65015.0,81.0,123,5.3,14.7,159.0
295,Horgen,2022,24.2,36.2,1820,78.2,3.6,23589,76913,468000000,30.5,65015.0,81.0,97,4.2,22.9,159.0
295,Horgen,2023,23.7,36.5,1862,78.9,4.9,23657,76913,468000000,30.5,65015.0,81.0,99,4.2,26.8,159.0
296,Illnau-Effretikon,2019,27.8,32.9,1099,64.5,0.8,17316,59695,320000000,62.1,49753.0,78.0,60,3.5,4.9,188.0
296,Illnau-Effretikon,2020,27.4,33.2,1169,67.5,1.1,17345,58798,319000000,62.1,49753.0,78.0,64,3.7,8.0,189.0
296,Illnau-Effretikon,2021,27.2,33.3,1172,67.6,1.6,17395,58776,330000000,62.1,49753.0,78.0,69,4.0,11.3,189.0
296,Illnau-Effretikon,2022,27.1,33.7,1163,66.9,2.3,17562,59147,349000000,62.1,49753.0,78.0,54,3.1,17.0,189.0
296,Illnau-Effretikon,2023,26.9,33.9,1161,66.1,3.1,17656,59147,349000000,62.1,49753.0,78.0,58,3.3,23.5,189.0
297,Bauma,2019,22.6,39.0,543,109.5,0.7,4870,55630,314000000,46.4,15864.0,91.0,42,8.5,2.8,309.0
297,Bauma,2020,22.4,38.7,533,109.4,0.9,4879,57119,305000000,46.4,15864.0,91.0,29,6.0,6.6,311.0
297,Bauma,2021,22.5,37.9,545,111.7,1.3,4881,56537,326000000,46.4,15864.0,91.0,30,6.1,11.2,308.0
297,Bauma,2022,22.8,37.8,543,111.2,1.9,4921,57466,346000000,46.4,15864.0,91.0,38,7.8,14.3,307.0
297,Bauma,2023,22.8,37.9,578,117.5,2.6,5046,57466,346000000,46.4,15864.0,91.0,33,6.7,18.9,307.0
298,Wiesendangen,2019,21.4,37.0,537,82.5,1.2,6601,74154,431000000,30.1,16844.0,88.0,22,3.4,6.8,289.0
298,Wiesendangen,2020,21.2,36.8,545,82.6,1.6,6636,74697,436000000,30.1,16844.0,88.0,40,6.1,9.2,292.0
298,Wiesendangen,2021,21.2,36.5,552,83.2,2.5,6659,75281,459000000,30.1,16844.0,88.0,33,5.0,15.2,293.0
298,Wiesendangen,2022,21.0,36.6,524,78.7,3.4,6699,73135,453000000,30.1,16844.0,88.0,27,4.1,25.4,291.0
298,Wiesendangen,2023,20.7,36.6,535,79.9,5.0,6722,73135,453000000,30.1,16844.0,88.0,21,3.1,32.3,291.0
